Restaurant,Neighborhood,Cuisine,Address,Phone,Website,Directory Description,Verify Before Publishing,Sources
1400 Bar & Grill,West End,American Gastropub,1400 Webster St,510-263-9651,,"1400 Bar & Grill is a casual gastropub at the corner of Webster Street and Central Avenue in Alameda's West End. It fills the ground floor of the historic Croll Building, built in 1879. The building once housed Croll's Gardens and Hotel, where boxing greats such as James J. Corbett and Jack Johnson trained around the turn of the 20th century. It is now a California Historical Landmark, and the restaurant keeps its stained glass, etched windows and carved wooden bar. The kitchen serves pub fare drawn from a range of culinary traditions, with daily specials and pizza. Takeout and delivery are available.",No official website or verified hours found. Also listed as '1400 Bar & Grill and Pizza'.,"https://www.yelp.com/biz/1400-bar-and-grill-alameda
https://www.opentable.com/r/1400-bar-and-grill-alameda
https://www.facebook.com/p/1400-Bar-Grill-and-Pizza-100063781621538/
https://order.online/store/1400-bar-&-grill...and-pizza-alameda-27768935
https://en.wikipedia.org/wiki/Croll_Building
https://www.instagram.com/1400barandgrill/"
A-Town Pizza and Kabob House,Bridgeside/Blanding,Pizza / Afghan Kabobs,2327 Blanding Ave,510-522-7575,https://www.atownpizza.com/,"A-Town Pizza and Kabob House has been a neighborhood fixture on Blanding Avenue since the late 1980s. It serves two cuisines: American-style gourmet pizza on dough made fresh every day, and Afghan kabobs char-broiled after marinating in house seasoning. Pizza favorites include the loaded A-Town Special and a gourmet veggie pie. On the kabob side there are chopan (lamb chop), tekah (beef) and chicken kabobs. Halal pizzas, pastas and kabobs make it a good choice for families with a range of dietary needs. The shop is open seven days a week for dine-in, pickup and delivery.",,"https://www.atownpizza.com/
https://www.zabihah.com/restaurants/ca34246b-7767-11ef-95ae-6045bdeb9f57/a-town-pizza-kabob-alameda-ca
https://www.yelp.com/biz/a-town-pizza-alameda-2
https://www.atownpizzeria.com/"
Abigail's Moroccan Cuisine,Ballena Bay,Moroccan,1132 Ballena Blvd,510-523-5500,,"Abigail's Moroccan Cuisine is a family-run restaurant on Ballena Isle with views over San Francisco Bay. Jonathan and Fatima Belkhalfia opened it in 2010 and named it after their daughter. The menu offers home-style Moroccan cooking, including kefta sandwiches, harira and lentil soups, saffron rice plates, Moroccan salads, and slow-cooked tagines such as lamb with almonds and dried plums or chicken with green olives and preserved lemon. Saturday dinners are a highlight, with belly dancing entertainment. Guests may bring their own wine. Lunch is served most days and dinner on weekends.","CONFIRM STILL OPEN: its website (abigailsalameda.com) now redirects to an unrelated site, though Yelp/OpenTable were updated in 2026. Phone not confirmed.","https://www.opentable.com/r/abigails-moroccan-cuisine-alameda
https://eastbayexpress.com/saturday-night-pleaser-at-abigails-moroccan-cuisine-in-alameda-1/
https://www.yelp.com/biz/abigails-moroccan-cuisine-alameda
https://www.facebook.com/p/Abigails-Moroccan-Cafe%CC%81-100043159403145/
https://www.instagram.com/abigailsalameda/"
Alameda Brewing,Park Street,Brewery / Pub,1716 Park St,510-217-8885,https://www.alamedabrewing.co/,"Alameda Brewing is a family-owned craft brewery and taproom on Park Street in downtown Alameda. Founder Bill Phua and his son Vince run it. It opened as Alameda Island Brewing Company and, in 2024, took back the name it had always intended, with a new nautical rope ""A"" logo and a refreshed taproom. The rotating lineup runs from West Coast and hazy IPAs to a Czech pilsner, German lager, hefeweizen and a playful ube ale, plus hard seltzer and non-alcoholic options. There is no kitchen, but guests may bring food or order from neighboring restaurants on the shared patio. Kids with adults and leashed dogs are welcome, and the calendar includes live music, trivia and comedy.",Formerly Alameda Island Brewing Co. (renamed 2024). Phone not confirmed; hours vary by season.,"https://alamedapost.com/features/alameda-brewing-hits-refresh-button/
https://www.alamedabrewing.co/faqs
https://www.yelp.com/biz/alameda-brewing-alameda-2
https://downtownalameda.com/bizdirectory/alameda-brewing-co/
https://www.brewbound.com/breweries/alameda-island-brewing-company"
Alameda Cinema Grill,Park Street / Central,American Comfort,2301 Central Ave,510-769-2000,https://www.alamedacinemagrill.com/,"Alameda Cinema Grill is a neighborhood restaurant and bar inside the Alameda Theatres Cineplex on Central Avenue. Its ""backstage pass"" corridor connects directly to the cinema, so guests can have dinner and then take their food and drinks into the movie. The kitchen serves eclectic comfort food. The bar pours craft cocktails inspired by Hollywood's Golden Age, alongside beer and wine. Weekend brunch, regular live music, and Wednesday comedy and karaoke nights make it a lively spot even without a film. For celebrations, the restaurant offers party packages, including options that pair a private theater rental with a full meal.",,"http://www.alamedacinemagrill.com/about/
https://www.alamedacinemagrill.com/home/
https://downtownalameda.com/bizdirectory/alameda-cinema-grill/
https://www.yelp.com/biz/cinema-grill-alameda"
Alley & Vine,Park Street,New American,1332 Park St,510-227-5006,https://alleyandvine.com/,"Alley & Vine is a New American restaurant on Park Street in downtown Alameda. It serves seasonal dishes, freshly baked breads and handcrafted cocktails in a warm neighborhood setting. The menu leans toward seafood and chophouse favorites such as king salmon, branzino, seafood risotto, lamb chops and filet mignon, with house focaccia on the side. Daytime diners will find dishes like ham benedict. The restaurant is open daily from late morning through dinner, takes reservations, and handles private parties and catering.",,"https://alleyandvine.com/
https://www.yelp.com/biz/alley-and-vine-alameda-2
https://www.opentable.com/r/alley-and-vine-alameda
https://downtownalameda.com/bizdirectory/alley-and-vine/"
Ark Chinese Restaurant,Park Street,Chinese / Noodles,1405 Park St,510-521-6862,https://www.arkalameda.com/,"Ark Chinese Restaurant is a casual Park Street spot best known for hand-pulled noodles, which are made fresh in the kitchen and served in hearty noodle soups and lo mein dishes. The broad menu of traditional Chinese dishes covers beef, chicken, pork and vegetarian options, along with favorites like xiao long bao and golden braised egg tofu. Big round tables make it a natural choice for family dinners and group meals, and it is also a regular weekday lunch stop. Takeout and delivery are available.","Three websites exist (arkalameda.com, arkchinese.com, arkatpark.com); official one unclear.","https://www.theinfatuation.com/san-francisco/reviews/ark
https://downtownalameda.com/bizdirectory/ark-chinese-restaurant/
https://www.arkalameda.com/
https://www.yelp.com/biz/ark-chinese-restaurant-alameda-2"
Asena Restaurant,East End (Santa Clara),Mediterranean,2508 Santa Clara Ave,510-521-4100,https://asenarestaurant.com/,"Asena Restaurant has served Mediterranean cooking on Santa Clara Avenue in downtown Alameda since 1996. Owners Mustafa Yildirim and Muhittin Arpaci grew up in kitchens where their mothers cured olives and baked bread, and they bring that from-scratch approach to Asena. The kitchen bakes its own bread, rolls fresh pasta, cures salmon and preserves lemons in house. It sources fresh, seasonal, local and organic ingredients wherever possible. Asena is open for dinner Monday through Saturday, offers catering, and has long supported Alameda schools and charities.",,"https://asenarestaurant.com/about-us/
https://asenarestaurant.com/
https://www.yelp.com/biz/asena-restaurant-alameda
https://eastbayexpress.com/20th-century-flavor-fills-asena-1/"
Bhan Mae Vane,West End,Lao & Thai,1511 Webster St,510-227-5197,https://www.bhanmaevane.com/,"Bhan Mae Vane is a modern Lao and Thai restaurant on Webster Street in Alameda's West End, run by sisters Bebe Lach, the chef, and Thip Tran. Their mother's recipes inspire the menu, which updates traditional dishes with local, seasonal ingredients. The cooking features the bold spice, funk and earthy bitterness at the heart of Lao and Thai food, in dishes like crispy pork belly, slow-simmered red curry, and tapioca dumplings filled with pork and peanuts. The dining room is casual and lively, well suited to big groups. Lunch and dinner are served Tuesday through Sunday, and takeout is available.",,"https://www.bhanmaevane.com/story
https://www.bhanmaevane.com/visit
https://www.theinfatuation.com/san-francisco/reviews/bhan-mae-vane
https://www.yelp.com/biz/bhan-mae-vane-alameda"
Burma Superstar,Park Street,Burmese,1345 Park St,510-522-6200,https://burmasuperstar.co/,"Burma Superstar brings Burmese cooking to Park Street in downtown Alameda, where it has served the neighborhood since 2008 as part of a Bay Area brand dating to 1992. The kitchen draws on a cuisine shaped by India, China, Laos and Thailand. Its best-known dish is the tea leaf salad of fermented tea leaves, vegetables and crunchy nuts. Samusa soup, flaky platha flatbread, khao swè curry noodles and beef curry are also favorites. The warm, neighborhood-style dining room suits first-time visitors and family dinners alike. Reservations are available, and the restaurant also offers online pickup ordering, catering and gift cards. Open daily for lunch and dinner.",,"https://burmasuperstar.co/
https://www.opentable.com/r/burma-superstar-alameda
https://downtownalameda.com/bizdirectory/burma-superstar/
https://www.yelp.com/biz/burma-superstar-alameda-2"
C'era Una Volta,Alameda Point,Italian (Tuscan),800 W Tower Ave,510-769-4828,https://www.ceraunavolta.us/,"C'era Una Volta (""once upon a time"") has been cooking Tuscan-style Italian food in Alameda since 2004. Chef Rutilio ""Rudy"" Fanetti-Durán and Cheryl Principato founded it. Today the kitchen operates inside the SoFive Soccer Club at Alameda Point, focusing on carryout, delivery and catering, with indoor and outdoor seating. The menu features house-made pasta, pizza and salads, seasonal dishes, vegetarian and vegan options, and weekly Tuesday specials. It also caters corporate events and parties and delivers to nearby wineries. Honors include repeated recognition from the Accademia Italiana della Cucina and a Best of Alameda 2025 award.","Now operates inside SoFive Soccer Club, mainly carryout/delivery/catering; older listings still describe full-service dinners.","https://www.ceraunavolta.us/
https://www.orderceraunavolta.com/
https://www.ceraunavolta.us/about-us
https://www.opentable.com/r/cera-una-volta-alameda
https://foursquare.com/ceraunav4366104
https://www.ceraunavolta.us/locations-awards
https://www.ceraunavolta.us/tuesday-specials-menu
https://www.yelp.com/biz/cera-una-volta-alameda-4"
Cafe Jolie,West End,French-American,1500 Webster St,510-523-4500,http://www.cafejolies.com/,"Cafe Jolie is a French-inspired neighborhood restaurant on Webster Street in Alameda's West End. It focuses on organic, seasonal cooking led by Executive Chef Joann Guitarte. Diners know it for breakfast and weekend brunch, and the menu also includes French-American plates such as steak frites, Dungeness crab cocktail and beignets. Beer and wine are served, gluten-free options are available, and there is patio seating outdoors. Live jazz on Friday and Saturday evenings adds to the relaxed, welcoming feel. Takeout is available, and a public parking lot sits next door.",Hours conflict between listings (brunch-only vs. Thu–Sat dinner); website would not load.,"http://www.cafejolies.com/
https://www.opentable.com/r/cafe-jolie
https://cafejolie.netwaiter.com/
https://www.yelp.com/biz/cafe-jolie-alameda
https://www.instagram.com/cafejolie/"
Calafia Taqueria,West End,Mexican,1445 Webster St,510-522-2996,https://www.calafiataqueria.com/,"Calafia Taqueria has served fresh, traditional Mexican food on Webster Street in Alameda's West End for more than two decades. The menu is built around taqueria staples with a wide choice of fillings: carne asada, pollo asado, carnitas, chile verde, lengua, al pastor, shredded chicken, fish and shrimp. Guests can eat in, order ahead online for pickup, or use the free parking next to the restaurant. Calafia also caters parties and community events around the island, and its patio is available to rent for gatherings.",,"https://www.calafiataqueria.com/
https://www.calafiataqueria.com/contact
https://www.yelp.com/biz/calafia-taqueria-alameda"
Casa Revolución Taqueria,East End (Santa Clara),Mexican,2522 Santa Clara Ave,510-913-9698,https://revolucionllcca.com/,"Casa Revolución Taqueria serves fresh, fairly priced Mexican food on Santa Clara Avenue near downtown Alameda. The menu covers breakfast, lunch and dinner. Corn tortillas are made by hand, and the salsa bar lets diners dress their tacos as they like. Birria is a house specialty, and tacos anchor the menu. The taqueria offers dine-in, takeout and online ordering for pickup or delivery, and it can cater gatherings with buffet-style spreads. With early weekend openings, it works for a morning breakfast burrito as well as an evening taco run.","Phone conflict (also 510-217-8959, 510-422-4089); one directory lists 2520 Santa Clara. Owners not found.","https://revolucionllcca.com/
https://www.yelp.com/biz/casa-revolucion-taqueria-alameda-2
https://downtownalameda.com/bizdirectory/casa-revolucion-taqueria/
https://www.ubereats.com/store/birria-hands-2522-santa-clara-avenue/h01hCqJFWFKRTyYdgwGhIw
https://order.online/en/store/taqueria-casa-revolucion-santa-clara-ave-2861694
https://www.chamberofcommerce.com/business-directory/california/alameda/miscellaneous/2023234496-casa-revolucion-taqueria
https://www.ezcater.com/catering/casa-revolucion-taqueria-3"
Ceron Kitchen,West End,New American,1619 Webster St,510-521-9090,https://ceronkitchen.com/,"Ceron Kitchen opened on Webster Street in Alameda's West End in October 2021. Owner Vicente Ceron, who founded it with Executive Chef Juan Jaquez, had long dreamed of opening a restaurant. Chef Jaquez cooks New American food with careful plating and deep flavors. Dishes include New Zealand lamb, duck breast, seafood pasta, ribeye with bleu cheese and clam chowder, alongside craft cocktails. Complimentary pastries often close the meal. The restaurant is open daily for lunch and dinner, takes reservations, and hosts private parties and catering. It received an OpenTable Diners' Choice award in 2025, and free parking is available nearby.",,"https://ceronkitchen.com/
https://patch.com/california/alameda/new-restaurant-open-webster-st-oct-storing-pumpkins
https://www.opentable.com/r/ceron-kitchen-alameda
https://www.yelp.com/biz/ceron-kitchen-alameda"
Cholita Linda,Park Street,Latin American,1337 Park St,510-225-6997,https://www.cholitalinda.com/locations/alameda/,"Cholita Linda brings Latin street and comfort food to Park Street in downtown Alameda. It is the second location of the Oakland favorite that chef Vanessa Chavez and her husband Murat Sozeri grew from popular farmers market stands. Chavez's Peruvian, Chinese, Cuban and Mexican heritage shapes the menu. The Baja fish taco is the star: lightly battered fish with slaw, crema, radish and lime on corn tortillas. Chicharrón de pollo, Cubano sandwiches and yuca fries with ají amarillo round out the menu. Ordering is fast-casual in a bright, tropical-themed space. Catering and online ordering are also available.",,"https://www.cholitalinda.com/locations/alameda/
https://www.alamedamagazine.com/cholita-linda-introduces-latin-street-food-to-alameda/
https://downtownalameda.com/bizdirectory/cholita-linda/
https://www.yelp.com/biz/cholita-linda-alameda-8"
Domenico's Italian Deli,West End,Italian Deli,1407 Webster St,510-865-5558,,"Domenico's Italian Deli is a three-generation family institution on Webster Street in Alameda's West End. Its roots go back to 1966, when Dominic ""Domenico"" Cucchiara and his Italian-born wife Letizia bought the P&G Italian Delicatessen. The shop took the name Domenico's in 1982, and their daughter Ann Murphy has run it since 1989, with the next generation working behind the counter. The deli makes around 40 sandwiches with house-roasted turkey, hot coppa and hand-rolled meatballs. It also offers made-to-order pasta, and cannoli and cheesecake from family recipes. Open Monday through Saturday.",No official website found. Phone not confirmed on a fetched page.,"https://alamedapost.com/features/alameda-life/food-and-family-are-the-bottom-line-at-domenicos-italian-deli/
https://www.yelp.com/biz/domenicos-italian-deli-alameda
https://www.tripadvisor.com/Restaurant_Review-g29073-d3936263-Reviews-Domenico_s_Italian_Deli-Alameda_California.html"
Dragon Rouge Bistro,Bridgeside/Blanding,Vietnamese,2337 Blanding Ave,510-521-1800,https://dragonrougebythebay.com/,"Dragon Rouge Bistro is a waterfront Vietnamese restaurant on Blanding Avenue, along Alameda's northern shoreline. Its contemporary dining room and outdoor seating look out toward the bridge. Favorites include garlic noodles, ""bouncing"" beef tenderloin, pineapple fried rice and a crispy dragon's nest with prawns. The full bar pours craft cocktails, and daily happy hour pricing makes it a lively after-work stop. The restaurant is open every day for lunch and dinner, and also offers private dining, catering, takeout and delivery.",,"https://dragonrougebythebay.com/
https://downtownalameda.com/bizdirectory/dragon-rouge/
https://www.yelp.com/biz/dragon-rouge-bistro-alameda-alameda
https://www.opentable.com/r/dragon-rouge-vietnamese-bistro
https://www.toasttab.com/local/dragon-rouge-2337-blanding-ave/r-c6067b89-9a2f-4ea5-a498-9c82d87b86bb"
East End,Park Street (Marketplace),Wood-Fired Pizza & Oysters,1650 Park St #A,510-263-9630,https://www.eastendalameda.com/,"East End is an independent, locally owned restaurant inside The Marketplace on Park Street. Since 2011 it has made wood-fired pizza from a native-yeast sourdough, and the menu has since grown to include oysters shucked to order, craft cocktails and seasonal comfort dishes. The kitchen buys from local, responsible producers. East End serves dinner Tuesday through Saturday. Its daily 5–6 pm happy hour takes a dollar off house cocktails, draft beer and wine, and offers a dozen oysters for $12. Guests can dine in, order ahead for pickup, or get delivery.",,"https://www.eastendalameda.com/
https://www.toasttab.com/local/order/east-end-alameda-1650-park-street/r-41ecd8cf-6fdf-4de2-a66d-ed6718310160
https://www.facebook.com/cityofalameda/posts/meet-paul-chef-and-partner-of-east-end-located-in-the-marketplace-at-1650-park-s/1232387432260603/
https://www.opentable.com/r/east-end-alameda
https://downtownalameda.com/bizdirectory/east-end/"
East Ocean Seafood Restaurant,West End,Cantonese / Dim Sum,1713 Webster St,510-865-3381,https://eastoceanseafoodrestaurant.com/alameda,"East Ocean Seafood Restaurant on Webster Street has been a gathering place for the East Bay community for more than thirty years. The Cantonese-style restaurant serves dim sum at midday every day and Chinese seafood dishes at dinner. It has a full bar and dedicated banquet and wedding menus, so it is a common choice for family celebrations and large parties. Guests can reserve a table, order online for takeout, arrange catering, or buy frozen items to cook at home. Weekend dim sum starts at 9:30 am.",,"https://eastoceanseafoodrestaurant.com/alameda
https://www.opentable.com/r/east-ocean-seafood-restaurant-alameda
https://www.yelp.com/biz/east-ocean-seafood-restaurant-alameda"
Fikscue Craft Barbecue,Park Street,Indo-Tex BBQ (Halal),1708 Park St,510-463-1303,https://www.fikscue.com/,"Fikscue serves what it calls Indo-Tex barbecue, pairing Texas-style smoked meats with Indonesian flavors. Co-owners Fik and Reka Saleh began with backyard barbecue and a pop-up selling Indonesian cookies, then opened on Park Street in November 2023. Everything on the menu is certified halal and pork-free. The menu runs from smoked brisket, beef ribs and house-made beef sausage to smoke-fried chicken and a brisket rendang plate served with rice, sambal and a spicy egg. In 2024, The New York Times named Fikscue one of the 50 best restaurants in the United States. The meats are slow-smoked, and popular items can sell out.",Current hours not verified (was weekends-only in 2024).,"https://maps.apple.com/place?address=1708+Park+St%2C+Unit+120%2C+Alameda%2C+CA++94501%2C+United+States&coordinate=37.7682425%2C-122.2389024&name=Fikscue+Craft+Barbecue&place-id=IDD1D6FFE5E1F0FB7&_provider=9902
https://www.fikscue.com/
https://abc7ny.com/post/fikscue-alameda-serves-halal-texas-style-bbq-indonesian-twist/15454897/
https://en.wikipedia.org/wiki/Fikscue
https://downtownalameda.com/bizdirectory/fikscue-craft-bbq/
https://www.yelp.com/biz/fikscue-craft-bbq-alameda"
Fowl + Fare,East End (Santa Clara),Fried Chicken Sandwiches,2534 Santa Clara Ave,510-816-9012,https://fowl-fare.square.site,"Fowl + Fare, on Santa Clara Avenue, specializes in fried chicken sandwiches and fried chicken biscuits known for their crisp crust and well-seasoned spice blends. It is a small, order-focused shop. Items often sell out, so ordering ahead through its online store is encouraged, and pickup and delivery are also available. Fowl + Fare is open for lunch and dinner Wednesday through Sunday, and closes early if it sells out.",Phone conflict: Downtown Alameda directory lists 510-630-5174.,"https://downtownalameda.com/bizdirectory/fowl-fare/
https://fowl-fare.square.site
https://fowl-fare.square.site/s/order
https://www.buyblack.org/united-states-of-america/alameda/restaurants/fowl-fare
https://order.online/store/fowl-fare-1355881
https://www.instagram.com/fowlfare/"
Genghis Khan Kitchen,Park Street,Chinese / Mongolian BBQ,1540 Park St,510-522-8398,http://genghiskhankitchen.com/,"Genghis Khan Kitchen is a Chinese restaurant on Park Street in downtown Alameda. According to the Downtown Alameda Business Association, its specialties include Mongolian barbecue and all-you-can-eat sushi, served alongside a budget-friendly Chinese buffet and lunch specials. The large dining room suits groups and families, and the restaurant is known for quick, friendly service.",Buffet / all-you-can-eat sushi details come from a directory listing that may be outdated — confirm.,"https://www.tripadvisor.com/Restaurant_Review-g29073-d932969-Reviews-Genghis_Khan_Kitchen-Alameda_California.html
https://www.yelp.com/biz/genghis-khan-kitchen-alameda-2
https://downtownalameda.com/bizdirectory/genghis-khan-kitchen/
http://genghiskhankitchen.com/"
Hang Ten Boiler,East End (Santa Clara),Hawaiian / Cajun Seafood Boil,2315 Santa Clara Ave,510-263-8688,https://hangtenboiler.com/,"Hang Ten Boiler combines Hawaiian comfort food with the messy fun of a seafood boil. Bay Area natives Paul and Mai Wong opened it on Santa Clara Avenue in November 2006 to bring the warmth and generous portions of Hawaiian cooking to Alameda. Plate-lunch favorites such as Lava Chicken, the BBQ Mixed Plate and Northshore Garlic Shrimp share the menu with seafood combos of king crab legs, shrimp, clams and corn, along with garlic noodles and kalua pork fries. The restaurant is open 11 am to 9 pm every day and offers dine-in, pickup, delivery, catering and happy hour specials.",,"https://hangtenboiler.com/
https://downtownalameda.com/bizdirectory/hang-ten-boiler/
https://www.instagram.com/hangtenboiler/
https://www.yelp.com/biz/hang-ten-boiler-alameda-4"
Homeskillet,Park Street,Breakfast / Donuts / Diner,1363 Park St,510-769-4616,https://www.homeskillet-alameda.com/,"Homeskillet is a family-owned breakfast and lunch spot on Park Street. It is known for donuts made by hand in-house, and alongside them it serves a full menu of hearty, traditional American breakfast and lunch dishes, with plates built around applewood-smoked bacon and fresh hash browns. Diners can stop in for a sit-down breakfast, pick up a box of donuts to go, or order pickup and delivery online.",Website titled 'Alameda Donuts and skillet' — possible rebrand. Hours/owners not found.,"https://www.yelp.com/biz/homeskillet-alameda-2
https://downtownalameda.com/bizdirectory/homeskillet/
https://www.homeskillet-alameda.com/
https://order.online/store/homeskillet-alameda-526118
https://postmates.com/store/homeskillet-park-st/zw9KuiZ5RMSB1l7kE-8sbQ"
Hong Kong City Restaurant,Park Street,Chinese / Seafood,1425 Park St,510-523-4568,https://alamedahongkongcity.com/,"Hong Kong City is a Chinese restaurant on Park Street in downtown Alameda. It is listed in the Downtown Alameda business directory as Hong Kong City Seafood Restaurant, and seafood is the focus. Diners can eat in or order online for pickup and delivery. It sits in the heart of the Park Street business district, an easy stop for lunch or dinner downtown. Hours vary by day, so check current hours before visiting.",Limited info. Name varies (Hong Kong City Seafood Restaurant / Hong Kong City Cafe); several websites.,"https://alamedahongkongcity.com/
https://www.hongkongcityseafoodca.com/
https://www.hkcalameda.com/
https://downtownalameda.com/bizdirectory/hong-kong-city-seafood-restaurant/
https://www.yelp.com/biz/hong-kong-city-cafe-alameda"
Island Taqueria,Park Street,Mexican,1513 Park St,510-749-7018,,"Island Taqueria is a casual Mexican taqueria on Park Street in downtown Alameda. The menu covers the taqueria staples: street tacos topped with onions and cilantro, regular and ""super"" burritos with rice, beans, pico de gallo, guacamole and cheese, loaded super nachos, and combination plates and antojitos. Tortilla chips are cut and fried in-house every day. Diners can eat in or order online for pickup and delivery, which makes it an easy choice for a quick lunch or an early dinner downtown.",Limited info (menu only). No official website; phone not confirmed.,"https://islandtaqueriaonline.site/
https://order.online/en-US/store/island-taqueria-llc-alameda-1591238
https://downtownalameda.com/bizdirectory/island-taqueria/
https://www.yelp.com/biz/island-taqueria-alameda"
Jim's Coffee Shop,East End (Lincoln),Diner / Breakfast,2333 Lincoln Ave,510-523-5368,https://jimscoffeeshop.com/,"Jim's Coffee Shop has been a family-run fixture in Alameda since 1960. Dimitris ""Jim"" Geanekos, an immigrant from Greece, opened it as a small takeout counter, and it later grew into a full-service restaurant. Today his son Tom runs the coffee shop, along with the sister location Jim's on the Course. The diner on Lincoln Avenue, just off Park Street, serves classic breakfast and lunch seven days a week from 7am to 3pm. The menu runs from omelets and eggs florentine to lunch plates such as fettuccine alfredo and salmon. Diners can eat in or order online for pickup, and large parties can reserve by phone.",,"https://localwiki.org/alameda/Jim's_Coffee_Shop
https://jimscoffeeshop.com/
https://jimscoffeeshop.com/about-us/
https://www.linkedin.com/in/tom-geanokos-a2464329/
https://www.facebook.com/jimsdineralameda/
https://www.yelp.com/biz/jims-coffee-shop-alameda-3"
La Penca Azul,Park Street,Mexican,1440 Park St,510-769-9110,https://lapencaazul.com/,"La Penca Azul has served Mexican food on Park Street for more than 25 years, in the heart of Alameda's historic downtown near the Alameda Theatre. The menu covers tacos, burritos, quesadillas and enchiladas, with favorites such as carnitas, birria tacos and the oversized Super Famoso Burrito, and churros for dessert. Breakfast plates like huevos rancheros and chilaquiles are also on offer. A full bar pours signature margaritas, including peach and mango, from a selection of top-shelf tequilas. Diners can eat in, take out, order delivery or curbside pickup, or book catering. Sister locations operate elsewhere in Alameda and in Oakland.",,"https://lapencaazul.com/lapencaazulparkst
https://lapencaazul.com/
https://lapencaazul.com/page/locations
https://downtownalameda.com/bizdirectory/la-penca-azul/
https://www.yelp.com/biz/la-penca-azul-alameda-4"
Leña,East End (Central),Modern Mexican,2431 Central Ave,510-671-2197,https://lenaalameda.com/,"Leña is a family-run modern Mexican restaurant on Central Avenue. Its motto is ""Fire from our heritage"", and the name is Spanish for firewood. Yesenia Chavez runs it with her family. Her parents come from Guanajuato, her brother-in-law leads the kitchen and her brother is sous chef. The menu offers elevated takes on traditional recipes from across Mexico, including halibut tacos, poblano enmolado, mole with Cornish game hen, oxtail and short rib birria, and whole achiote-marinated branzino. A lineup of seven signature tacos can also be ordered together. Leña serves dinner Tuesday through Sunday and brunch on weekends, and reservations are available online.",,"https://toast.app/r/lena-restaurant-2431-central-ave
https://lenaalameda.com/
https://eastbayexpress.com/lena-arrives-in-alameda/
https://www.yelp.com/biz/le%C3%B1a-restaurant-alameda
https://www.instagram.com/lena.alameda/"
Mango & Mint,West End,Vietnamese (Fast-Casual),1606 Webster St,510-263-9319,,"Mango & Mint is a fast-casual Vietnamese eatery on Webster Street in Alameda's West End. Owner Loan Nguyen opened it in March 2024, after running a cafe in Oakland for a decade. Guests order at the counter and build their meal from fresh ingredients on display behind the glass. The menu covers bánh mì (lemongrass pork is a favorite), vermicelli noodle bowls, rice plates, fresh spring rolls, crispy egg rolls and salads. Smoothies and Vietnamese coffee and tea round out the menu. There is limited indoor seating with a few outdoor tables, and takeout is available.",No official website; phone not confirmed.,"https://www.doordash.com/store/mango-&-mint-27964688/
https://alamedapost.com/features/alameda-life/vietnamese-eatery-mango-and-mint-opens-on-webster/
https://www.theinfatuation.com/san-francisco/reviews/mango-and-mint
https://www.yelp.com/biz/mango-and-mint-alameda"
Moxie Steak House,Park Street,Steakhouse,1640 Park St,510-671-2890,https://www.moxiealameda.com/,"Moxie Steak House opened on Park Street in 2024 with chef Donna Meadows in the kitchen. Meadows is a longtime Alameda food figure who managed Little House Cafe for 15 years and once owned Boniere Bakery. The dining room mixes contemporary style with a speakeasy feel: emerald-green walls, gold accents, velvet chairs, and a full bar stocked to the ceiling. The à la carte menu features filet mignon, New York strip, grass-fed ribeye and lamb chops, with seasonal sauces and a slow-cooked veal demi-glace. Sides include hasselback potatoes and chive fritters. Moxie serves dinner Wednesday through Sunday and brunch on weekends, and takes reservations online.",Phone not confirmed; sources differ on who owns it (description names only the chef).,"https://www.moxiealameda.com/
https://www.exploretock.com/moxie-steak-house-alameda
https://alamedapost.com/features/alamedas-new-steak-house-has-moxie/
https://eastbayexpress.com/donna-meadows-opens-moxie-steak-house-in-alameda/
https://www.moxiealameda.com/menu
https://www.yelp.com/biz/moxie-steak-house-alameda
https://downtownalameda.com/bizdirectory/moxie-steak-house/"
Pasta Pelican Restaurant,Marina Village,Italian-American,2455 Mariner Square Dr,510-864-7427,https://www.pastapelican.com/,"Pasta Pelican sits at the water's edge in Mariner Square, with views across the Oakland–Alameda Estuary to Jack London Square. The kitchen serves traditional Italian and American fare made with prime cuts, free-range chicken and organic produce. The menu runs from fettuccine alfredo, Bolognese and seafood ravioli to the house Pollo Pelicano and steaks such as filet mignon and New York strip. Lunch and dinner are served daily, and happy hour runs Friday through Sunday afternoons. An upstairs banquet room with waterfront views holds private events for 40 to 100 guests. Reservations are available online.",,"https://www.pastapelican.com/wp-content/uploads/2026/05/pasta-pelican-34.html
https://www.pastapelican.com/
https://www.opentable.com/r/pasta-pelican-alameda
https://resy.com/cities/alameda-ca/venues/pasta-pelican-inc
https://www.sfgate.com/restaurants/diningout/article/the-food-doesn-t-fly-at-new-pasta-pelican-3006102.php
https://www.yelp.com/biz/pasta-pelican-restaurant-alameda"
Peak,West End,Brunch / Thai Fusion,1405 Webster St,510-521-6466,https://www.peakalameda.com,"Peak is a women-owned restaurant on Webster Street that pairs two menus under one roof: brunch by day and Thai fusion by night. Mornings bring house-baked sourdough, brioche and croissants alongside pancakes, waffles, Benedicts, savory toasts and French toast. The signature dish is brioche toast with pandan cream, which draws on both halves of the menu. In the evening the kitchen turns to Thai-inspired plates built on family recipes, served with desserts and handcrafted cocktails. The dining room is cozy and decorated with art and handmade touches. Reservations and online ordering are both available. Peak is closed on Wednesdays.",,"https://www.yelp.com/biz/thai-place-alameda
https://www.peakalameda.com/about
https://www.peakalameda.com
https://www.peakalameda.com/
https://www.toasttab.com/local/order/peak-nro-em-1405-webster-st/r-8ed9ad5b-c233-4c08-a839-e8837d1fd6fe
https://m.facebook.com/WestAlamedaBusiness/photos/alamedas-new-restaurant-peak-blends-traditional-thai-recipes-with-a-contemporary/893946189614736/"
Phnom Penh House,West End,Cambodian,1514 Webster St,510-893-3825,http://www.phnompenhhouse.com,"Phnom Penh House serves Cambodian cooking on Webster Street. It started in Oakland before moving to Alameda. The menu is built for sharing, with entrees that balance smoky, salty and sweet flavors. A popular choice is traop ang: grilled eggplant topped with savory ground pork, shrimp and a generous amount of garlic. The dining room is relaxed and casual, which makes it an easy choice for a walk-in lunch or a weeknight dinner.",Limited info; phone not confirmed.,"https://www.theinfatuation.com/san-francisco/reviews/phnom-penh-house
http://www.phnompenhhouse.com
https://www.facebook.com/PhnomPenhHouse/
https://www.yelp.com/questions/phnom-penh-house-did-you-the-restaurant-move-from-laurel-district-in-oakland-to-downtown-alameda/gzUYHlYQoI9cLRrlvYlopg
https://www.yelp.com/biz/phnom-penh-house-alameda-2"
Pizzeria Pappo,West End (Santa Clara),Pizza / Italian,709 Santa Clara Ave,510-473-0613,https://pizzeriapappo.com,"Pizzeria Pappo is chef John Thiel's casual West End follow-up to Pappo, the sit-down restaurant he ran in Alameda for many years. Thiel trained at the California Culinary Academy and cooked at Bay Wolf. Here he makes two styles of pizza: East Coast thin crust sold by the slice or whole pie, and thick, rectangular Sicilian pies. The menu also includes panini, meatballs, pastas, garlic knots, focaccia and parmigiana plates, with a few favorites like fried olives carried over from the original restaurant. Italian wines and local craft beers are on offer, and there is ice cream for dessert. It is a relaxed, family-friendly spot and handles plenty of takeout.",Phone and current hours not confirmed.,"https://eastbayexpress.com/alameda-chef-john-thiel-returns-with-pizzeria-pappo/
https://pizzeriapappo.com
https://alamedapost.com/features/alameda-life/bring-family-slice-pizzeria-pappo/"
Rose's Sandwich Shop,West End,Sandwiches / Deli,1552 Webster St,510-263-8046,,"Rose's Sandwich Shop is a Webster Street deli counter focused on hearty, made-to-order sandwiches. Turkey roasted in-house anchors much of the menu. It appears in the Classic with tomato and Swiss, and in the Giant, which stacks on avocado, cranberry, bacon and jack cheese. Fans of cured meats can order the Italian, layered with mortadella, ham, bologna and salami. Chicken salad, vegetarian choices and side salads round out the menu. Rose's is open daily from mid-morning into the early evening and is well suited to a quick lunch or takeout, with delivery available through the usual apps.",Menu-only detail; no owner/history found. Phone not confirmed.,"https://www.yelp.com/biz/rose-s-sandwich-shop-alameda
https://www.tripadvisor.com/Restaurant_Review-g29073-d33737525-Reviews-Rose_s_Sandwich_Shop-Alameda_California.html
https://www.ubereats.com/store/roses-sandwich-shop-1552-webster-st/UX4uFNCWU9mbNUkpk_7qJw"
Saltbreaker,Alameda Point / West End,Seafood / Modern Californian,2350 Saratoga St,510-263-8232,https://saltbreakeralameda.com,"Saltbreaker is a neighborhood bistro at Alameda Point that serves California cooking grounded in French technique, built around seasonal produce from local farms. Chef Justin Davis's dinner menu moves from small plates such as smoked trout rillette and beef tartare to larger dishes like Ora King salmon and steak frites. A full cocktail program accompanies the food. Soon after opening, Eater SF named it one of the East Bay's hottest new restaurants. Next door, The Yard offers a more casual daytime option: a breezy patio with a full bar, oysters, chowder, fish and chips, smash burgers and a kids' menu.",,"https://saltbreakeralameda.com/
https://saltbreakeralameda.com/the-yard/
https://saltbreakeralameda.com
https://patch.com/california/alameda/alamedas-saltbreaker-restaurant-makes-hottest-list
https://www.tripadvisor.com/Restaurant_Review-g29073-d27760845-Reviews-Saltbreaker_Eat_Drink-Alameda_California.html"
Scolari's Good Eats,Park Street,American Comfort,1303 Park St,510-521-2400,https://www.scolarisgoodeats.com,"Scolari's Good Eats has been serving comfort food on Park Street since 2010. It was opened by Dan Nichols, who also owns The Lucky 13 bar next door, together with executive chef Mike Boyd. The menu has an East Coast accent: burgers and fries, a Taylor ham, egg and cheese on brioche, and strombolis. House-made bread, daily pizza specials, a rotating list of specials and vegan options fill out the rest. Alameda Magazine gave its burger and fries top honors in 2012, the same year the team added a vintage 1964 Airstream food truck. The truck is now available for catering, and food can also be delivered to patrons at the Lucky 13.",,"https://www.yelp.com/biz/scolaris-good-eats-alameda
https://downtownalameda.com/bizdirectory/scolaris-good-eats/
https://www.scolarisgoodeats.com
https://www.scolarisgoodeats.com/
https://localwiki.org/alameda/Scolari's
https://www.foodnetwork.com/restaurants/ca/alameda/scolaris-good-eats"
Southern Comfort Kitchen,West End,Cajun / Creole / Southern,1708 Webster St,510-995-8900,https://socokitchen.net,"Southern Comfort Kitchen brings New Orleans–style Cajun and Creole cooking to Webster Street. It is run by brothers Brett, Jason and Jeremy Brill, whose family spent 15 years as food vendors at the New Orleans Jazz & Heritage Festival. After moving to California, the family cooked at festivals, then ran food trucks, then opened restaurants in Castro Valley and Pleasant Hill before coming to Alameda in 2024. The menu covers the classics: po'boys with shrimp, catfish, oyster or soft-shell crab, jambalaya, seafood gumbo, crawfish étouffée, and blackened shrimp and grits. Service is fast-casual, with dine-in, takeout, delivery and a drive-through.",Phone not confirmed.,"https://alamedapost.com/features/southern-comfort-kitchen-promises-fast-casual-cajun-cooking/
https://socokitchen.net
https://order.toasttab.com/online/southern-comfort-kitchen-alameda-1708-webster-street
https://www.yelp.com/biz/southern-comfort-kitchen-alameda-2
https://socokitchen.net/"
Southie (at Park Station),Park Street,Sandwiches / New American,1200 Park St,510-696-4247,https://parkstation.beer/food,"Southie brings East Coast-inspired, elevated American fare to Park Station, the beer venue at 1200 Park Street in downtown Alameda. This is the second location of Southie, from restaurateur Rich Wood, who also owns Oakland's Wood Tavern and The Wolf. The kitchen keeps a seasonal menu that changes often, with sandwiches and shareable bites made to go with Park Station's drinks. Guests order the food and drinks together in a relaxed, social setting that suits a casual lunch, a game-day gathering or an evening out with friends. Online ordering is available for pickup.",Your list's number (510-671-2903) is Park Station's; Southie's own line is 510-696-4247.,"https://parkstation.beer/food
https://www.yelp.com/biz/southie-alameda
https://www.toasttab.com/local/order/southie-alameda-1200-park-street
https://alamedapost.com/features/alameda-life/take-pit-stop-park-station/"
Speisekammer,East End (Lincoln),German,2424 Lincoln Ave,510-522-1300,https://www.speisekammer.com/,"Since 2002, Speisekammer has served traditional German cooking on Lincoln Avenue in Alameda. Chef Peter Kahl, a native of Flensburg, Germany, runs the kitchen, where hearty classics share the menu with rotating seasonal specials, and many dishes come in regular or smaller portions. The bar pours 16 beers on tap, from German imports to local craft brews. Guests can eat in the dining room or in the outdoor beer garden, where dogs are welcome. Live music on many evenings, with no cover charge, adds to the gemütlich atmosphere.",,"https://downtownalameda.com/bizdirectory/speisekammer/
https://www.speisekammer.com/
https://www.yelp.com/biz/speisekammer-alameda"
Spinning Bones,Park Street,Californian Rotisserie,1205 Park St,510-263-9290,https://www.spinningbones.com/,"Spinning Bones is a MICHELIN Bib Gourmand–recognized rotisserie on Park Street that blends California cooking with Japanese flavors. Owners Mike Yakura and Danny Sterling opened it in 2019. Meats such as chicken, black pepper tri-tip and pork shoulder are marinated in shio koji and roasted on spits, then served with bright sauces like chimichurri and garlic-jalapeño garum. Starters include mochiko fried chicken nuggets and cauliflower with miso butter and furikake. The room is relaxed and neighborhood-friendly, and there's outdoor seating plus beer, wine and sake to round out a meal.",,"https://guide.michelin.com/us/en/california/alameda/restaurant/spinning-bones
https://www.spinningbones.com/
https://patch.com/california/alameda/alameda-restaurant-gets-2021-michelin-bib-gourmand-recognition
https://eastbayexpress.com/spinning-bones-a-california-style-rotisserie-opens-in-alameda-1/"
Tahina Fresh Mediterranean,Park Street (Marketplace),Mediterranean,1650 Park St,510-227-5457,https://tahinafreshmed.com/,"Tahina Fresh Mediterranean is a counter-service spot inside the Alameda Marketplace on Park Street. Rumtin Rahmani, longtime owner of The Beanery in the same marketplace, opened it with his sister Talayeh and partner Rochelle Nasab. The menu centers on herb-forward, house-made falafel in soft pita, alongside chicken shawarma, mezze plates and cilantro hummus. California touches include quinoa tabouli with avocado and saffron rice. Moroccan mint tea, pomegranate lemonade and baklava finish the meal. It's an easy choice for a quick lunch or an early dinner, and online ordering is available.",Sunday hours conflict between website and Marketplace page.,"https://tahinafreshmed.com/
https://alamedamarketplace.com/vendor/tahina-fresh-mediterranean/
https://downtownalameda.com/bizdirectory/tahina/
https://www.yelp.com/biz/tahina-alameda"
The Bureau 510,West End,Burgers / Gastropub,1531 Webster St,510-671-2262,,"The Bureau 510 is the West Alameda outpost of an Emeryville gastropub, open on Webster Street since 2023. Owner Chalit Sangsana's menu mixes international street food with comfort classics. Burgers come with crispy fries, sometimes stacked right on top, and share the menu with banh mi, fish tacos and Korean-style short ribs. The industrial-chic space serves lunch and dinner with beer and cocktails. Happy hour runs in the late afternoon, making it an easy stop after work on the Webster Street corridor.",Newest listing found is May 2026 — confirm still open. No website; phone not confirmed.,"https://oaklandside.org/2023/07/06/new-east-bay-restaurants-june-2023/
https://whatnow.com/san-francisco/restaurants/the-bureau-510-is-preparing-to-debut-in-alameda/
https://www.yelp.com/biz/the-bureau-510-alameda-4"
The Hobnob,Park Street,American Gastropub,1313 Park St,510-769-1011,https://hobnobalameda.com/,"The Hobnob is a casual, friendly neighborhood restaurant and bar in downtown Alameda, serving California comfort food made with seasonal ingredients. Dinner might start with ricotta beignets or buffalo cauliflower and move on to a Nashville spicy fried chicken sandwich, a diner burger, pan-seared salmon or a flat iron steak. Craft cocktails, beer and wine are available throughout. On weekends, brunch brings pancakes, omelets, French toast and eggs Benedict. Friday nights turn lively with karaoke, and the restaurant also offers private party space and catering.",,"https://hobnobalameda.com/
https://www.instagram.com/p/C7nT5EJJBrM/
https://downtownalameda.com/bizdirectory/the-hobnob/
https://www.yelp.com/biz/the-hobnob-alameda-3"
Trabocco Kitchen & Cocktails,South Shore Center,Italian (Abruzzo),2213 South Shore Center,510-521-1152,https://trabocco.com/,"Trabocco Kitchen and Cocktails has brought the flavors of Abruzzo to Alameda's South Shore Center since 2013. Chef-owner Giuseppe Naccarelli grew up in the Italian region and named his restaurant after the trabocchi, the wooden fishing huts along its Adriatic coast, echoed by a net installation above the dining room. The menu leans toward coastal cooking, including salt cod, octopus and brodetto alla vastese seafood stew, alongside handmade pasta with rabbit ragù, oxtail ravioli and rotisserie rabbit. A full cocktail program makes it a good fit for anything from lunch to a celebratory dinner.",,"https://trabocco.com/italy-by-land-and-sea/
https://trabocco.com/
https://patch.com/california/alameda/a-taste-of-italy-trabocco-kitchen-opens-monday-at-south-shore-center
https://www.alamedamagazine.com/review-of-trabocco-kitchen-and-cocktails/
https://www.yelp.com/biz/trabocco-kitchen-and-cocktails-alameda"
Waki,West End,Japanese / Sushi,1403 Webster St,510-217-8396,https://wakisushi.com/,"Waki is a Japanese restaurant on Webster Street in West Alameda focused on sushi and carefully prepared Japanese dishes. The menu runs from bluefin tuna tataki and hamachi carpaccio to signature rolls such as the dragon roll, along with cooked favorites like beef and salmon teriyaki. For a broader sampling, there's the ""Waki's Tasting"" option. Wine and beer are served. Waki is open for dinner nightly and for lunch on Sundays, and it also offers takeout ordering, catering and private parties for larger groups.",Recently under new management per its website.,"https://wakisushi.com/
https://www.wakisushi1403.com/
https://www.yelp.com/biz/waki-japanese-cuisine-alameda
https://www.doordash.com/store/waki-sushi-alameda-24539542/"
Wild Ginger,Park Street,Chinese Street Food / Noodles,1239 Park St,510-263-8128,https://www.wildgingerstreetfood.com/,"Wild Ginger serves Chinese street food on Park Street in downtown Alameda, with a menu built around noodles. Wide, chewy biang biang hand-pulled noodles and cumin lamb noodles sit alongside hearty beef noodle soup, cold noodles and malatang. Other favorites include rou jia mo, a lamb ""burger"" on griddled bread, spicy tingly beef, and sour and spicy pork dumplings. The kitchen emphasizes fresh ingredients and carefully balanced seasoning. There's indoor and outdoor seating, and it's open for lunch and dinner Tuesday through Sunday, with online ordering for takeout.",,"https://www.wildgingerstreetfood.com/
https://www.yelp.com/biz/wild-ginger-alameda
https://order.online/en-US/store/wild-ginger-alameda-175284"
