Name,City,Neighborhood,Cuisine,Address,Phone,Rating,Price Level,Summary,Google Maps Link
1400 Bar & Grill,Alameda,West End,American Gastropub,1400 Webster St,510-263-9651,4.4,$$,Comfort food and drinks in the historic 1879 Croll's building; famous for Spam fries.,https://www.google.com/maps/place/?q=place_id:ChIJtZnoYS-Bj4ARnsL5TWedlEc
A-Town Pizza and Kabob House,Alameda,Bridgeside/Blanding,Pizza/Kebab,2327 Blanding Ave,510-522-7575,4.4,$,Neighborhood pizza and halal kebabs; family-run with fast delivery.,https://www.google.com/maps/place/?q=place_id:ChIJySLqR-uGj4ARtbfU3IGb4vg
Abigail's Moroccan Cuisine,Alameda,Ballena Bay,Moroccan,1132 Ballena Blvd,510-523-5500,4.7,$$,"Family-run (Jonathan & Fatima Belkhalfia); tagines, couscous, weekend belly dancing, bay views.",https://www.google.com/maps/place/?q=place_id:ChIJjao3niKBj4ARtGHcijMMRzg
Alameda Brewing Co.,Alameda,Park Street,Brewery/Pub,1716 Park St,510-217-8885,4.7,$$,Locally brewed craft beer in a nautical-themed taproom with a rotating local-artist gallery.,https://www.google.com/maps/place/?q=place_id:ChIJU_Ab7pSGj4ARI_6ztmgIo7M
Alameda Cinema Grill,Alameda,Park Street/Central,American Comfort,2301 Central Ave,510-769-2000,4.2,$$,"Eclectic comfort food, craft cocktails and live music inside the historic Alameda Theatre.",https://www.google.com/maps/place/?q=place_id:ChIJWSC5Eb6Gj4ARfq0YWcrpgnw
Alley & Vine,Alameda,Park Street,New American,1332 Park St Ste D,510-227-5006,4.2,$$$,"Seasonal plates, craft cocktails and an extensive wine list; family-run.",https://www.google.com/maps/place/?q=place_id:ChIJ1eXbjouHj4AR6v3vTINOmqc
Ark Chinese Restaurant,Alameda,Park Street,Chinese/Noodles,1405 Park St,510-521-6862,4.2,$,"Small neighborhood spot for hand-pulled noodles, soup dumplings and Cantonese dishes.",https://www.google.com/maps/place/?q=place_id:ChIJNRDCAb6Gj4ARsIJ5P3XVqwU
Asena Restaurant,Alameda,East End (Santa Clara),Cal-Mediterranean/Turkish,2508 Santa Clara Ave,510-521-4100,4.7,$$,"Family-owned since 1996; fresh Cal-Med cuisine with Turkish roots and warm, personal service.",https://www.google.com/maps/place/?q=place_id:ChIJ39tmipaGj4ARvB_WP_wSFxY
Bhan Mae Vane,Alameda,West End,Lao & Thai,1511 Webster St,510-227-5197,4.7,$$,"Modern take on traditional Lao/Thai with local, seasonal ingredients; generous family-style portions.",https://www.google.com/maps/place/?q=place_id:ChIJMXAWVcOBj4ARfVmqaUrcOu4
Burma Superstar,Alameda,Park Street,Burmese,1345 Park St,510-522-6200,4.6,$$,Famous tea-leaf salad and Burmese homestyle cooking; small Bay Area-founded local group.,https://www.google.com/maps/place/?q=place_id:ChIJ7-Sh5L2Gj4ARdq5KMzbFZpU
C'era Una Volta Kitchen & Catering,Alameda,Alameda Point,Italian (Tuscan),800 W Tower Ave,510-769-4828,4.4,$$,"Authentic Tuscan Italian to-go and catering, run by owner Rudy; known for holiday feasts.",https://www.google.com/maps/place/?q=place_id:ChIJkWrP772Gj4ARh2I_F-M6OvI
Cafe Jolie,Alameda,West End,French-American Bistro,1500 Webster St,510-523-4500,4.4,$$,"Woman-owned all-day brunch spot; beignets, Monte Cristo, sidewalk dining, regular-friendly.",https://www.google.com/maps/place/?q=place_id:ChIJx-UBliiBj4ARaMrxdTIlQ3U
Calafia Taqueria,Alameda,West End,Mexican,1445 Webster St,510-522-2996,4.3,$,"Award-winning taqueria; tamales and chile rellenos made fresh daily, big salsa bar.",https://www.google.com/maps/place/?q=place_id:ChIJeXIZ_iWBj4ARQqTfL67Oglw
Casa Revolucion Taqueria,Alameda,East End (Santa Clara),Mexican,2522 Santa Clara Ave,510-913-9698,4.3,$,Fresh birria and carne asada tacos with a full salsa bar; reasonably priced.,https://www.google.com/maps/place/?q=place_id:ChIJ34sBqPKHj4ARwxydktfVzG8
Ceron Kitchen,Alameda,West End,New American/Steakhouse,1619 Webster St,510-521-9090,4.5,$$$,"Chef-owned by first-time restaurateurs Vicente Ceron & chef Juan Jaquez; ribeye, prawns, filet.",https://www.google.com/maps/place/?q=place_id:ChIJ_ZM7femBj4ARjlotSwnEIQI
Cholita Linda,Alameda,Park Street,Latin American,1337 Park St,510-225-6997,4.5,$,"Baja-style fish tacos and Cuban sandwiches; small local group (also Oakland, Ferry Building).",https://www.google.com/maps/place/?q=place_id:ChIJ7QzCWSKHj4ARPXq7CrNUIhg
Domenico's Italian Deli,Alameda,West End,Italian Deli,1407 Webster St,510-865-5558,4.8,$,"Family-owned for generations; Italian beef, sourdough sandwiches, cannoli, catering trays.",https://www.google.com/maps/place/?q=place_id:ChIJWyuS9CWBj4ARBtb9SEmOeqg
Dragon Rouge Bistro,Alameda,Bridgeside/Blanding,Vietnamese,2337 Blanding Ave,510-521-1800,4.3,$$,"Family-owned waterfront Vietnamese bistro; garlic noodles, pho, lemongrass fries.",https://www.google.com/maps/place/?q=place_id:ChIJ5QoYzr2Gj4ARfSdnxVNzDXg
East End,Alameda,Park Street (Marketplace),Wood-Fired Pizza/American,1650 Park St # A,510-263-9630,4.4,$$,Award-winning wood-fired pizza plus creative pasta and meat dishes from owner-chef Paul.,https://www.google.com/maps/place/?q=place_id:ChIJLQS_-JSGj4ARg3k-MnebQeo
East Ocean Seafood Restaurant,Alameda,West End,Cantonese/Dim Sum,1713 Webster St,510-865-3381,4.4,$$,"Newly remodeled, spacious Hong Kong-style seafood house with daily dim sum carts.",https://www.google.com/maps/place/?q=place_id:ChIJcwa34SeBj4AR0Kpg6MKiaOs
Fikscue Craft BBQ,Alameda,Park Street,Indo-Tex BBQ,1708 Park St,510-463-1303,4.4,$$,"Named to the NYT's 2024 list of 50 best US restaurants; husband-wife owned, halal smoked meats.",https://www.google.com/maps/place/?q=place_id:ChIJF1Y8W2CHj4AR4xQnWqCgXHc
Fowl + Fare,Alameda,East End (Santa Clara),Fried Chicken Sandwiches,2534 Santa Clara Ave,510-816-9012,4.8,$,Small operation run by the owner and one employee; standout fried chicken sandwiches.,https://www.google.com/maps/place/?q=place_id:ChIJb-ADHuZ3hYAROKZ_HQVvzMo
Genghis Khan Kitchen,Alameda,Park Street,Chinese,1540 Park St,510-522-8398,4.0,$,Friendly family-run restaurant with big portions of old-school Chinese comfort dishes.,https://www.google.com/maps/place/?q=place_id:ChIJp1cauZWGj4ARMz6RWLuh2HU
Gim's Chinese Kitchen,Alameda,East End (Lincoln),Chinese,2322 Lincoln Ave,510-263-8218,3.8,$,Founded 1953 by Chinese immigrant Gock Gim Wong; a remnant of Alameda's historic Chinatown.,https://www.google.com/maps/place/?q=place_id:ChIJSf2RnpWGj4AR4W_qCGJRnHg
Hang Ten Boiler,Alameda,East End (Santa Clara),Hawaiian/Cajun Seafood,2315 Santa Clara Ave,510-263-8688,4.3,$$,Hawaiian-style plates and Cajun seafood boils; garlic noodles are a must-order.,https://www.google.com/maps/place/?q=place_id:ChIJf8G3z72Gj4ARdoz3BTRPULg
Homeskillet,Alameda,Park Street,Breakfast/Diner,1363 Park St,510-769-4616,4.3,$,"Hearty breakfast and lunch spot; house donuts are the specialty, fast attentive service.",https://www.google.com/maps/place/?q=place_id:ChIJr4Ri_r2Gj4ARCnZnXJHDaKw
Hong Kong City Restaurant,Alameda,Park Street,Cantonese Seafood,1425 Park St,510-523-4568,4.1,$,Hong Kong-style cafe with hefty lunch portions; curry beef stew and beef chow fun standouts.,https://www.google.com/maps/place/?q=place_id:ChIJaVP--ZWGj4ARnoAWzdDrGFM
Island Taqueria,Alameda,Park Street,Mexican,1513 Park St,510-749-7018,4.6,$,"Mostly-takeout burrito and taco spot; generous portions, long-tenured staff.",https://www.google.com/maps/place/?q=place_id:ChIJIfJ_1teHj4AR3iFjapwRDU8
Jim's Coffee Shop,Alameda,East End (Lincoln),Diner/Breakfast,2333 Lincoln Ave,510-523-5368,4.4,$$,"Home-style diner in Alameda since 1960; three generations owned, huge portions.",https://www.google.com/maps/place/?q=place_id:ChIJe5yeoZWGj4ARphgrUlPpbtc
La Penca Azul,Alameda,Park Street,Mexican,1440 Park St,510-769-9110,4.2,$$,"Family-owned by the Guzman family since 1987; big portions, all-day brunch, tequila bar.",https://www.google.com/maps/place/?q=place_id:ChIJIWas-pWGj4ARJ_HkbQekte8
Lena Restaurant,Alameda,East End (Central),Mexican,2431 Central Ave,510-671-2197,4.4,$$,"Fire-inspired modern Mexican; mole, camarones zarandeado, cafe de olla cocktails.",https://www.google.com/maps/place/?q=place_id:ChIJ-WGOnfWHj4AR9QWmKsvEP18
Mango & Mint,Alameda,West End,Vietnamese,1606 Webster St,510-263-9319,4.7,$,"Fast-casual Vietnamese; owner Loan Nguyen (also Alice Street Cafe, Oakland); huge banh mi.",https://www.google.com/maps/place/?q=place_id:ChIJIzV7MgCBj4ARxh2Y119jDuM
Moxie,Alameda,Park Street,Steakhouse,1640 Park St,510-671-2890,4.4,$$$,"Chef Donna Meadows (ex-Little House Cafe, Auberge du Soleil); California beef, art-deco room.",https://www.google.com/maps/place/?q=place_id:ChIJXazHATaHj4ARIDuaWtDvhzI
Pasta Pelican Restaurant,Alameda,Marina Village,Italian-American Waterfront,2455 Mariner Square Dr,510-864-7427,4.4,$$,Estuary-side dining since 1998; large-portion pasta and seafood with water views.,https://www.google.com/maps/place/?q=place_id:ChIJz0oj-8WAj4AR-Nw-wbd02hQ
Peak,Alameda,West End,Thai/Brunch,1405 Webster St,510-521-6466,4.6,$$,Reservation-forward Thai brunch and dinner spot; owner often serving tableside.,https://www.google.com/maps/place/?q=place_id:ChIJDVOUtCuBj4ARjitiAji6l5A
Phnom Penh House,Alameda,West End,Cambodian,1514 Webster St,510-893-3825,4.7,$$,"Family-owned since 1986 after the family received political asylum; beef skewers, lok lak.",https://www.google.com/maps/place/?q=place_id:ChIJDWcqbMqAj4ARrNgf2vTJB78
Pho Anh Dao,Alameda,West End,Vietnamese,1919 Webster St,510-263-8577,4.4,$,"Go-to neighborhood pho spot; large bowls, friendly service, prices held steady over years.",https://www.google.com/maps/place/?q=place_id:ChIJVSeQH9iAj4AR3RV733DnwYk
Pizzeria Pappo,Alameda,West End (Santa Clara),Pizza/Italian,709 Santa Clara Ave,510-473-0613,4.5,$$,"Chef-owner John Thiel (of the beloved former Pappo); thin-crust pizza, Italian wines.",https://www.google.com/maps/place/?q=place_id:ChIJW5HaKrOBj4AR5mYHR8-qnuY
Rose's Sandwich Shop,Alameda,West End,Sandwich Shop/Deli,1552 Webster St,510-263-8046,4.6,$,"Owner-run deli where Rose herself works the counter; fresh-cut sandwiches on crisp French rolls, warm regulars-only vibe.",https://www.google.com/maps/place/?q=place_id:ChIJy9ShcwCBj4AR9d1IvJsQMI4
Saltbreaker,Alameda,Alameda Point/West End,Seafood/Modern American,2350 Saratoga St,510-263-8232,4.5,$$,"Chef/owner-run farm-to-table spot; fish and chips, duck confit, sister bar The Yard next door.",https://www.google.com/maps/place/?q=place_id:ChIJNUKzKcuBj4AR0u8eHvZOtBQ
Scolari's Good Eats,Alameda,Park Street,American Comfort,1303 Park St,510-521-2400,4.5,$,"Made-from-scratch burgers, Nashville hot chicken and fried sandwiches; vegan options too.",https://www.google.com/maps/place/?q=place_id:ChIJQRSxwb2Gj4ARb5AtH4tQDdc
Southern Comfort Kitchen,Alameda,West End,Cajun/Creole/Southern,1708 Webster St,510-995-8900,4.1,$$,"Seafood gumbo, catfish, fried chicken sandwiches; owners Bret and Jay run a warm West End room.",https://www.google.com/maps/place/?q=place_id:ChIJ6X7cN8iBj4ARSEWFzswcqIc
Southie,Alameda,Park Street,Sandwiches/New American,1200 Park St,510-671-2903,4.5,$$,Elevated sandwiches and seasonal plates from the Rich & Rebekah Wood family (Wood Tavern); operates out of Park Station brewery.,https://www.google.com/maps/place/?q=place_id:ChIJ-XK0ZwCHj4ARixCsmDvkpOk
Speisekammer,Alameda,East End (Lincoln),German,2424 Lincoln Ave,510-522-1300,4.6,$$,"Family-owned German restaurant and beer garden; schnitzel, big draft list, live music.",https://www.google.com/maps/place/?q=place_id:ChIJbaJztpWGj4ARcB80QtP5QmY
Spinning Bones,Alameda,Park Street,Californian Rotisserie,1205 Park St,510-263-9290,4.5,$$,MICHELIN Bib Gourmand (2021); koji-marinated rotisserie meats with Hawaiian/Japanese accents.,https://www.google.com/maps/place/?q=place_id:ChIJQQ6hA2d_hYARApFdrGN4wuw
Tahina,Alameda,Park Street (Marketplace),Mediterranean,1650 Park St,510-227-5457,4.6,$,"Fresh chicken shawarma bowls and wraps, falafel, harissa sauce; popular for catering.",https://www.google.com/maps/place/?q=place_id:ChIJp0xKlz2Hj4AR-EeTzLctCBM
The Bureau 510,Alameda,West End,Burgers/Gourmet Sandwiches,1531 Webster St,510-671-2262,4.4,$$,Hidden-gem burgers and sandwiches; sweet potato fries and garlic parmesan fries are favorites.,https://www.google.com/maps/place/?q=place_id:ChIJcwNIjLmBj4ARnvxUg92lLY4
The Hobnob,Alameda,Park Street,American Gastropub,1313 Park St,510-769-1011,4.4,$$,"Rustic comfort classics; owner often on the floor sharing recipes, karaoke and board games.",https://www.google.com/maps/place/?q=place_id:ChIJleEe6r2Gj4ARZh8ZTdiWX1k
Trabocco Kitchen & Cocktails,Alameda,South Shore Center,Italian (Abruzzo),2213 S Shore Center,510-521-1152,4.6,$$$,"Chef-owner Giuseppe Naccarelli & wife Christine; wood-fired pizza, rotisserie, family-run.",https://www.google.com/maps/place/?q=place_id:ChIJ4ZCsCLCGj4AR2_-Be1Yd04c
Waki,Alameda,West End,Japanese,1403 Webster St,510-217-8396,4.6,$$,Sushi and sashimi plus non-seafood dishes like lamb chops; beautifully presented.,https://www.google.com/maps/place/?q=place_id:ChIJkTHW2l6Bj4AR9ayFQ-J4Kqw
Wild Ginger,Alameda,Park Street,Chinese Street Food,1239 Park St,510-263-8128,4.6,$$,Hand-pulled noodles and dumplings; owner known for free samples and genuine warmth.,https://www.google.com/maps/place/?q=place_id:ChIJqasut72Gj4ARl3fzjolj_OE
310 Eatery - LA Style Street Food,Berkeley,Solano Ave (Albany),Burgers/Street Food/Dim Sum,747 San Pablo Ave,510-697-3878,4.7,$$,Quirky street-food burger spot that also serves weekend dim sum; local hangout with brewery next door.,https://www.google.com/maps/place/?q=place_id:ChIJVSAMVvHjMhURrd-JPLeAQCw
900 Grayson,Berkeley,West Berkeley,Cafe/Brunch,900 Grayson St,510-704-9900,4.6,$$,"Tucked-away brunch cafe with bright, seasonal California cooking.",https://www.google.com/maps/place/?q=place_id:ChIJ5TX8v_N-hYARYH6Uu_8wChM
Angeline's Louisiana Kitchen,Berkeley,Downtown Berkeley,Cajun/Creole,2261 Shattuck Ave,510-548-6900,4.5,$$,"Cajun comfort food -- fried catfish, jambalaya, and hush puppies.",https://www.google.com/maps/place/?q=place_id:ChIJh_wjBJ1-hYARK2XCkZUkbg0
Anja's,Berkeley,North Berkeley,German,1966 University Ave,510-647-5016,5.0,$$,Tiny chef-owned German cafe with a beloved garden patio and house-made pastries.,https://www.google.com/maps/place/?q=place_id:ChIJTY9zTgB_hYARF37kE5JtNKA
Ashby Eatery,Berkeley,South Berkeley,Fried Chicken/American,3031 Adeline St,510-529-4125,4.9,$$,Dog-friendly breakfast/lunch spot famous for its fried chicken sandwich.,https://www.google.com/maps/place/?q=place_id:ChIJPX6S-s9_hYARLUVw99QcaP8
Bangalore Blues,Berkeley,Solano Ave,South Indian,1889 Solano Ave,510-570-2271,4.4,$$,Owner-driven South Indian spot known for ghee dosa and gobi manchurian.,https://www.google.com/maps/place/?q=place_id:ChIJGXbihSJ_hYAR8riNXxgSk0U
Bangkok by the Bay,Berkeley,West Berkeley,Thai,800 Heinz Ave,510-423-3888,4.8,$$,"Hidden Thai gem in an industrial building; elegant interior, quiet terrace.",https://www.google.com/maps/place/?q=place_id:ChIJ1xEaPgJ_hYAR9S-QefoW8II
Brezo,Berkeley,Solano Ave (Albany),Brunch/Dinner,"1111 Solano Ave, Albany",510-705-1897,4.6,$$,Chef-owned neighborhood spot for brunch and dinner; a favorite date-night stop.,https://www.google.com/maps/place/?q=place_id:ChIJ-f8PT8-ChYAR_ZR0Z7Fj9gs
Cafe Ohlone,Berkeley,Downtown Berkeley (UC campus),Indigenous Ohlone,"UC Berkeley, Anthropology Bldg",501-510-0772,4.9,,Ohlone-run pop-up cafe serving pre-colonial Bay Area foods behind a bookstore.,https://www.google.com/maps/place/?q=place_id:ChIJWdT9lAB9hYAR6VBkRBhngJE
Califa's Greens,Berkeley,University Ave,Latin American Bowls,1106 University Ave,510-705-1007,4.9,$$,Fresh Peruvian/Mexican-inspired bowls and juices; small counter-service gem.,https://www.google.com/maps/place/?q=place_id:ChIJg3YqyGh_hYAR5tVVPMjN2TQ
Chez Mansour,Berkeley,Solano Ave (Albany),Lebanese/Wine Bar,1369 Solano Ave,510-524-1040,4.3,$$,"1920s-style Lebanese wine bar with live music weekends; owner-run, known for lamb chops.",https://www.google.com/maps/place/?q=place_id:ChIJb7oWnUh5hYAROkgdw5aE3u8
Chez Panisse,Berkeley,North Berkeley,Californian,1517 Shattuck Ave,510-548-5525,4.6,$$$$,Alice Waters' iconic farm-to-table restaurant; the birthplace of California cuisine.,https://www.google.com/maps/place/?q=place_id:ChIJcYtcJaF-hYAR-VzrwZpQY0E
DH Noodles and Grill,Berkeley,Telegraph/South Campus,Lanzhou Noodles,2475 Telegraph Ave,510-898-1271,4.9,$$,Hand-pulled Lanzhou beef noodle soup near campus; newer and highly rated.,https://www.google.com/maps/place/?q=place_id:ChIJQRCONP59hYARRiPOnMTrsPM
Divan,Berkeley,Fourth Street,Turkish,1788 Fourth St,510-898-1718,4.9,$$,"New Turkish restaurant known for mezze, pide, and kunefeh.",https://www.google.com/maps/place/?q=place_id:ChIJRZCFFJp_hYARfxykrDRdNlY
Dolly's,Berkeley,El Cerrito border,Italian/Wine Bar,"10172 San Pablo Ave, El Cerrito",510-609-7123,4.7,$$,Family-owned Italian wine bar with fresh pasta and a giant cheese wheel.,https://www.google.com/maps/place/?q=place_id:ChIJYZGORVl5hYARBsZEh_7aEYQ
Duo Grill House,Berkeley,Solano Ave (Albany),American Breakfast,1491 Solano Ave,510-524-3860,4.7,$$,Under-the-radar breakfast spot known for crab sandwiches and hash browns.,https://www.google.com/maps/place/?q=place_id:ChIJf0U6FaN5hYARWgu3Wo2BzG4
Eggy's Neighborhood Kitchen,Berkeley,North Berkeley,Brunch/American,1511 Shattuck Ave,510-647-9847,4.6,$$,Popular weekend brunch spot famous for chicken-and-waffles benedict; expect a line.,https://www.google.com/maps/place/?q=place_id:ChIJe1WBQGF_hYARx-Jecp7OlNs
El Mono - Fresh Flavors of Peru,Berkeley,El Cerrito border,Peruvian,"11720 San Pablo Ave, El Cerrito",510-778-8884,4.5,$$,"Warm, colorful Peruvian restaurant known for chaufa and lucuma ice cream.",https://www.google.com/maps/place/?q=place_id:ChIJ8ZRvzk94hYARkdgbIbAQ44M
FAVA,Berkeley,North Berkeley,Middle Eastern,2114 Vine St,,4.8,$$,Counter-service Middle Eastern sandwiches with house-made pita and falafel.,https://www.google.com/maps/place/?q=place_id:ChIJ51r5CHl_hYAR875i7gGqoIg
Gather in Berkeley,Berkeley,Downtown Berkeley,Californian/American,2200 Oxford St,510-809-0400,4.4,$$,Farm-to-table sandwiches and salads near campus; popular for brunch with a lively patio.,https://www.google.com/maps/place/?q=place_id:ChIJqUoig51-hYARUnXjcqs8-sg
Gusto Restaurant,Berkeley,Downtown Berkeley,Algerian/Persian,1986 Shattuck Ave,510-977-2477,4.8,$$,"Owner-run Algerian kitchen known for charred, spiced meats and fresh couscous.",https://www.google.com/maps/place/?q=place_id:ChIJ3wpobgB_hYARl3dq9QtMHCI
Homeroom Berkeley,Berkeley,West Berkeley,Mac & Cheese/American,1313 Ninth St,510-423-0400,4.5,$$,Mac-and-cheese-focused comfort food restaurant with many creative flavors.,https://www.google.com/maps/place/?q=place_id:ChIJCewFnUh_hYARjcF-_Okgc5M
In the Wood,Berkeley,Elmwood,Gastropub,2930 College Ave,510-649-8600,4.2,$$,Casual gastropub known for smash burgers and an all-you-can-eat taco night.,https://www.google.com/maps/place/?q=place_id:ChIJF36Jks19hYARZC3CF7Kp5jw
Inn Kensington Restaurant,Berkeley,Kensington,American Diner,"293 Arlington Ave, Kensington",510-527-5919,4.7,$$,"Charming neighborhood breakfast/lunch diner; reliably good, no-frills cooking.",https://www.google.com/maps/place/?q=place_id:ChIJccf43kR5hYARkhNf4s3Ba6g
Juanita & Maude,Berkeley,Solano Ave (Albany),American,"825 San Pablo Ave, Albany",510-526-2233,4.7,$$$,Elevated seasonal American menu; also a cozy daytime cafe.,https://www.google.com/maps/place/?q=place_id:ChIJD8hi5jF5hYARXG0soAdWxng
KAOKAO Grill,Berkeley,Elmwood,BBQ/Noodle Fusion,2993 College Ave,510-960-0851,4.7,$$,Owner-run BBQ-noodle fusion spot known for char siu and brisket noodle soup.,https://www.google.com/maps/place/?q=place_id:ChIJwbTHKkp9hYAR18ekgDc5p9U
Kiraku,Berkeley,Telegraph/South Campus,Japanese Izakaya,2566B Telegraph Ave,510-848-2758,4.6,$$$,Busy izakaya with adventurous small plates; reservations recommended.,https://www.google.com/maps/place/?q=place_id:ChIJFXdiGix8hYAR01l909XiGJo
Korean Superette,Berkeley,Solano Ave,Korean,1539 Solano Ave,510-529-4009,4.7,$$,Korean restaurant-meets-mini-mart with a chill back patio.,https://www.google.com/maps/place/?q=place_id:ChIJj-YFmxV5hYARIt68dOtV7uU
La Marcha Tapas Bar,Berkeley,West Berkeley,Spanish,2026 San Pablo Ave,510-288-9997,4.4,$$,Spanish tapas and paella with a popular weekend brunch.,https://www.google.com/maps/place/?q=place_id:ChIJZSVa58F-hYAR9fvuy-pr6Rg
La Note,Berkeley,Downtown Berkeley,French/Brunch,2377 Shattuck Ave,510-843-1525,4.4,$$,Popular French bistro brunch spot with a lovely patio; can be a wait on weekends.,https://www.google.com/maps/place/?q=place_id:ChIJB_-A0oJ-hYARwmbyJJR3sUo
Lao Garden Restaurant & Bar,Berkeley,West Berkeley,Lao/Thai,2514 San Pablo Ave,510-705-1958,4.8,$$,Owner-run Lao restaurant known for tum lao lao papaya salad and sticky rice.,https://www.google.com/maps/place/?q=place_id:ChIJLRpztXt_hYAR7jf_HJQmJ2w
Larb Thai Food & Tapas,Berkeley,El Cerrito border,Thai,"10166 San Pablo Ave, El Cerrito",510-524-8988,4.7,$$,Cozy local Thai spot beloved for khao soi and larb.,https://www.google.com/maps/place/?q=place_id:ChIJ2wE2mBh5hYARaP-5dI5VrfU
Li's Knife Cut Noodle,Berkeley,Downtown Berkeley,Chinese Noodles,2126 Center St,510-570-2901,4.7,$,"Hand-cut noodle specialist with lamb dumplings; small, intimate dining room.",https://www.google.com/maps/place/?q=place_id:ChIJ54ScHwB_hYARzEwnAwjTaaA
Lulu's Little Kitchen,Berkeley,Solano Ave (Albany),Palestinian/Mediterranean,"1106 Solano Ave, Albany",510-529-1441,4.6,,"Creative Palestinian-Mediterranean fast-casual brunch spot, formerly full-service.",https://www.google.com/maps/place/?q=place_id:ChIJPYrcaVx_hYARFLZBJAOcKcQ
Mercado 925,Berkeley,University Ave,Mexican,925 University Ave,510-647-9462,4.7,$$,"Modern, elevated Mexican restaurant with tuna tostadas and al pastor tacos.",https://www.google.com/maps/place/?q=place_id:ChIJtYEKPwB_hYARl0gSQBsDQgw
Mezzo,Berkeley,Telegraph/South Campus,Sandwiches/Cafe,2442 Telegraph Ave,510-705-1089,4.6,$,"Berkeley staple for large, fresh-baked sandwiches; long lines at peak times.",https://www.google.com/maps/place/?q=place_id:ChIJEeIzp-F9hYARAb2PODOZ73k
Mount Everest Restaurant,Berkeley,Telegraph/South Campus,Nepali/Indian,2598 Telegraph Ave,510-843-3951,4.3,,Nepali-Indian restaurant with a loyal following for chicken tikka masala and momos.,https://www.google.com/maps/place/?q=place_id:ChIJQ_qWESx8hYARvxS8wT873QM
Noodle Dynasty,Berkeley,Telegraph/South Campus,Chinese Noodles,2426 Telegraph Ave,510-644-9292,4.5,$$,"Cramped but beloved noodle-soup spot; order via tablet, expect a wait.",https://www.google.com/maps/place/?q=place_id:ChIJeUkvsyl9hYARhs3EJz9Mpk8
O2 Eatery,Berkeley,Solano Ave,Brunch/Cafe,1746 Solano Ave,510-918-1676,4.8,$$,"Popular Solano Ave brunch spot; gets crowded on weekends, arrive early.",https://www.google.com/maps/place/?q=place_id:ChIJI_r0HwB5hYAR4YJgBsX_uQc
Peace Natural Vegan Food,Berkeley,Solano Ave,Vegan,1593 Solano Ave,510-984-0738,4.9,$$,"Prix-fixe plant-based whole-foods menu; owner-run, peaceful atmosphere.",https://www.google.com/maps/place/?q=place_id:ChIJU9KL5Vt5hYAR2AYzQzuUmio
Phosho Dough,Berkeley,West Berkeley,Vietnamese,1235 San Pablo Ave,510-705-1263,4.9,$,Family-run pho and banh mi spot with house-made bread and pate.,https://www.google.com/maps/place/?q=place_id:ChIJbTqsLKt_hYARCsgcQU-JhE8
Picnic,Berkeley,Solano Ave (Albany),Rotisserie Chicken/Grocer,862 San Pablo Ave,510-570-2974,4.7,$,Rotisserie chicken and specialty grocer with grab-and-go sandwiches and sausages.,https://www.google.com/maps/place/?q=place_id:ChIJqU6NYCB5hYARyR_I45S4080
Roses on Adeline,Berkeley,South Berkeley,Bar & Kitchen,3218 Adeline St,510-903-6733,4.7,$$,Cozy bar and kitchen good for date nights and private events.,https://www.google.com/maps/place/?q=place_id:ChIJV2Hed_1_hYARTnbb28eD0_A
Sakana Sushi & Roll,Berkeley,Kensington,Sushi,"303 Arlington Ave, Kensington",510-524-7096,4.9,$$,"Small, creative sushi spot in the Kensington hills known for purple rice rolls.",https://www.google.com/maps/place/?q=place_id:ChIJgyTKfZt5hYARslQpdrvSMNo
Sam's Log Cabin,Berkeley,Solano Ave (Albany),American Diner/Brunch,945 San Pablo Ave,510-558-0502,4.5,$$,Outdoor-only patio brunch spot known for pancakes and French toast; decades-old local favorite.,https://www.google.com/maps/place/?q=place_id:ChIJl188aDJ5hYARIuXoa7p31AU
Tanzie's,Berkeley,South Berkeley,Filipino-inspired,1453 Dwight Way,510-326-4199,4.6,$$,Chef-owned brunch/dinner spot blending Filipino and Thai flavors; lava eggs are a signature.,https://www.google.com/maps/place/?q=place_id:ChIJKz-flWJ_hYAR67uRoy3LkOk
Tarocco,Berkeley,West Berkeley,Californian/Salads,2570 Ninth St,510-898-1312,4.7,$$,"Composed-salad counter-service spot with a bright, sunny dining room.",https://www.google.com/maps/place/?q=place_id:ChIJD8GdI55_hYARJULpE7GTrGo
The Hidden Cafe,Berkeley,Downtown Berkeley,Cafe,1250 Addison St,415-855-1029,4.6,$,Cozy organic-coffee cafe next to Strawberry Creek Park.,https://www.google.com/maps/place/?q=place_id:ChIJBXOowZl_hYARlyq3_rFQii0
Tipsy Yeti Restaurant & Bar,Berkeley,West Berkeley,Nepali/American,2512 San Pablo Ave,510-989-9078,4.8,$$,Lively Nepali-American fusion with Himalayan pizzas and live music nights.,https://www.google.com/maps/place/?q=place_id:ChIJdULJuFN_hYARwHHS_ra15Co
Via del Corso,Berkeley,North Berkeley,Italian,1788 Shattuck Ave,510-704-8004,4.6,$$,"Longtime neighborhood Italian spot with a wooden patio, back after a brief closure.",https://www.google.com/maps/place/?q=place_id:ChIJE5H8ep9-hYARYpxLSzekYjQ
ACRE Kitchen and Bar,Oakland,Rockridge,Mediterranean/Californian,5655 College Ave,510-250-3790,4.7,$$,"Mediterranean-leaning Californian menu, great for group celebrations.",https://www.google.com/maps/place/?q=place_id:ChIJ_QwrLpt9hYARha_hGZB4bhc
Almond and Oak,Oakland,Grand Lake,Brunch/Dinner,3311 Grand Ave,510-250-9550,4.6,$$,Art-deco brunch/dinner spot near the farmers market; crab cake benedict is popular.,https://www.google.com/maps/place/?q=place_id:ChIJVVVldkOHj4ARUaWSLVGS6AY
Aloha Club,Oakland,Fruitvale,Cocktail Bar,952 Fruitvale Ave,510-534-1495,4.5,$$,"Relaxed dive-y cocktail bar with pool table, mezcal flights, and sports on TV.",https://www.google.com/maps/place/?q=place_id:ChIJ4xSYavOGj4ARqNxVhuv3Aeg
Aman Cafe,Oakland,Piedmont Ave area,Malaysian Cafe,4021 Broadway,510-922-8749,4.8,$$,"Malaysian-inspired roti and coffee cafe with a modern, casual vibe.",https://www.google.com/maps/place/?q=place_id:ChIJ68miF7Z9hYARb0eNAVkP2SE
Bardo Lounge & Supper Club,Oakland,Grand Lake/Lakeshore,Supper Club/American,3343 Lakeshore Ave,510-836-8737,4.6,$$$,Mid-century-styled supper club with craft cocktails and elevated American plates.,https://www.google.com/maps/place/?q=place_id:ChIJmW1h9DGHj4AR7sMd7nNZKLU
Battambang,Oakland,Chinatown,Cambodian,850 Broadway,510-839-8815,4.6,$$,Cozy Khmer restaurant popular for sour soup and Battambong noodles.,https://www.google.com/maps/place/?q=place_id:ChIJUUbm-7aAj4ARMT7b8FRMSbM
Bellanico Restaurant and Wine Bar,Oakland,Glenview,Italian,4238 Park Blvd,510-336-1180,4.5,$$,Neighborhood Italian wine bar known for unique antipasti and handmade pasta.,https://www.google.com/maps/place/?q=place_id:ChIJk4oZvwmHj4ARoZWIh60EWM0
Belotti Bottega,Oakland,Piedmont Ave,Italian/Pasta,4001 Piedmont Ave,510-350-7619,4.7,$$,"Fresh-pasta shop and casual eatery, sister location to Rockridge's Belotti.",https://www.google.com/maps/place/?q=place_id:ChIJdymEevd9hYARliPUdG2KT1o
Belotti Ristorante E Bottega,Oakland,Rockridge,Italian,5403 College Ave,510-788-7890,4.6,$$,"Northern Italian handmade-pasta restaurant, flagship of the Belotti mini-group.",https://www.google.com/maps/place/?q=place_id:ChIJtTVZ_-h9hYARC2dBu4ziR3o
Bird & Buffalo,Oakland,Temescal,Thai Street Food,4659 Telegraph Ave,510-338-3536,4.5,$$,Cozy Chiang Mai-style Thai street food; Michelin-recognized khao soi.,https://www.google.com/maps/place/?q=place_id:ChIJtctXJuJ9hYAREWUOFSTDLEg
Bistro 4293,Oakland,Piedmont Ave,Mediterranean,4293 Piedmont Ave,510-775-5039,4.9,$$,Owner-run Mediterranean bistro popular for private events and Sultan's Delight.,https://www.google.com/maps/place/?q=place_id:ChIJIz9jNAB9hYARrQ_QBWJZDfA
Bombera,Oakland,Dimond,Mexican,3459 Champion St,510-452-5900,4.5,$$,Michelin-recognized modern Mexican restaurant known for mole and smoked trout tostadas.,https://www.google.com/maps/place/?q=place_id:ChIJg2VOVxOHj4AR8tUZ3QcYn3A
Brotzeit Lokal,Oakland,Jack London/Waterfront,German,1000 Embarcadero,510-645-1905,4.5,$$,"Waterfront German beer garden with pretzels, schnitzel, and pig knuckle.",https://www.google.com/maps/place/?q=place_id:ChIJ6TOJJyaHj4ARR5WoSytkThY
Burma Superstar,Oakland,Temescal,Burmese,4721 Telegraph Ave,510-652-2900,4.5,$$,Beloved Burmese restaurant famous for tea leaf salad; small Bay Area local group.,https://www.google.com/maps/place/?q=place_id:ChIJZ9aqnQF9hYARCXtNyXl-e6I
Cambodian Street Food,Oakland,San Antonio/Fruitvale,Cambodian,2045 Foothill Blvd,510-842-3134,4.6,$$,"Community-loved Cambodian counter spot known for beef sticks and garlic noodles; order ahead, waits can be long.",https://www.google.com/maps/place/?q=place_id:ChIJ-Qd6yeKHj4ARQEnpSmvDOHc
Cholita Linda,Oakland,Temescal,Latin/Cuban,4923 Telegraph Ave,510-369-1851,4.6,$,Cash-register-order Latin/Cuban taco spot; Baja fish tacos are a favorite.,https://www.google.com/maps/place/?q=place_id:ChIJne47puF9hYAROjRhE5BlvAQ
Crogan's Montclair,Oakland,Montclair,American Pub,6101 La Salle Ave,510-339-2098,4.1,$$,Neighborhood pub known for fish and chips and clam chowder; some reports of inconsistent service.,https://www.google.com/maps/place/?q=place_id:ChIJ0Y9-zJqHj4ARTtPoJtiSqZU
Dan Sung Sa Restaurant,Oakland,Uptown,Korean Pub Food,2775 Telegraph Ave,510-663-5927,4.4,$$,Lively late-night Korean pub with soju and shareable plates.,https://www.google.com/maps/place/?q=place_id:ChIJn6VZ9KqAj4ARw-ijNrCVDJk
Daughter Thai Kitchen,Oakland,Montclair,Thai,6118 Medau Pl,510-823-2354,4.6,,Upscale Thai restaurant with a romantic courtyard; known for tiger prawns.,https://www.google.com/maps/place/?q=place_id:ChIJH9g3MYWHj4ARb0r9P0-c__s
Daytrip,Oakland,Temescal,New American,4316 Telegraph Ave,,4.4,$$,Shared-plates New American spot known for its celery salad.,https://www.google.com/maps/place/?q=place_id:ChIJ-wD6IJ59hYARnE36nH7mtxU
Degrees Plato Tap Room,Oakland,Laurel,Brewpub/Tacos,4251 MacArthur Blvd,510-479-3366,4.6,$$,Craft-beer taproom and bottle shop with tacos and a communal beer garden.,https://www.google.com/maps/place/?q=place_id:ChIJ0xNnOj-Gj4ARAcO8zDIakLs
FOB Kitchen,Oakland,Temescal,Filipino,5179 Telegraph Ave,510-817-4169,4.5,$$,Filipino restaurant known for lumpia and adobo; Michelin-recommended.,https://www.google.com/maps/place/?q=place_id:ChIJuTaKcTx-j4AR_yGldaMRzok
Gangnam Jajang,Oakland,Temescal,Korean-Chinese Noodles,4390 Telegraph Ave Ste B,510-891-1335,4.6,$$,Korean-Chinese jajangmyeon specialist with generous portions.,https://www.google.com/maps/place/?q=place_id:ChIJNbVbI5F9hYARu6Uq-kQh-c4
Ghost Town Brewing - Laurel Biergarten & Kitchen,Oakland,Laurel,Brewery/Beer Garden,3506 MacArthur Blvd,510-227-6009,4.7,,"Dog-friendly brewery beer garden with a rotating, affordable pub-food menu.",https://www.google.com/maps/place/?q=place_id:ChIJZZG8ST2Hj4ARL4gxcHqrZIo
Grand Lake Kitchen,Oakland,Grand Lake,American,576 Grand Ave,510-922-9582,4.4,$$,All-day American cafe near the farmers market; second location in Dimond.,https://www.google.com/maps/place/?q=place_id:ChIJw2p00yyHj4ARsb-O2FTlD1Y
Grand Lake Kitchen - Dimond,Oakland,Dimond,American,2042 MacArthur Blvd,510-866-2639,4.3,$$,"Second Grand Lake Kitchen location, same local owners, in the Dimond district.",https://www.google.com/maps/place/?q=place_id:ChIJh6LAE6CHj4ARAYziuZ85bCs
Gum Kuo,Oakland,Chinatown,Cantonese,388 9th St Apt 182,510-268-1288,4.2,$,"Decades-old Cantonese diner known for congee, rice rolls, and roast meats.",https://www.google.com/maps/place/?q=place_id:ChIJE5sbf7aAj4ARFihUVEegUhs
Huangcheng Noodle House,Oakland,Old Oakland/Chinatown (Swan's Market),Chinese Noodles,911 Washington St,702-481-3124,4.4,$$,Family-run noodle shop inside Swan's Market known for Chongqing street noodles.,https://www.google.com/maps/place/?q=place_id:ChIJF1lFITKBj4ARcL0DuOxaAdE
InNenasKitchen,Oakland,Fruitvale,Cambodian,954 Fruitvale Ave,,5.0,$$,Small family Cambodian spot with a patio; great beef soup and egg rolls.,https://www.google.com/maps/place/?q=place_id:ChIJDYXtQQCHj4AR7OKMEjEKCqc
Italian Colors Restaurant,Oakland,Montclair,Italian,2220 Mountain Blvd #100,510-482-8094,4.4,$$,Tucked-away Montclair Italian spot with live guitar and a full bar.,https://www.google.com/maps/place/?q=place_id:ChIJPalNz5CHj4ARRebMJXi016I
Itsumo,Oakland,Laurel,Japanese,4006 MacArthur Blvd,510-427-0327,4.9,$$,"Small, friendly Japanese restaurant known for fast service and good value.",https://www.google.com/maps/place/?q=place_id:ChIJM13gc6KHj4ARiRVtYUz5d2o
Jo's Modern Thai,Oakland,Laurel,Thai,3725 MacArthur Blvd,510-479-3167,4.6,$$,"Michelin-recognized modern Thai restaurant with a plant-filled, chic dining room.",https://www.google.com/maps/place/?q=place_id:ChIJSbTUlIaHj4ARwSeaNM3YYVU
Joodooboo,Oakland,North Oakland,Korean Tofu,4201 Market St,510-500-1001,4.8,$$,"Artful Korean tofu and banchan sets; unpretentious, quality-focused menu.",https://www.google.com/maps/place/?q=place_id:ChIJm2GURx1_hYARbws7G22yXEM
Kakui Sushi,Oakland,Montclair,Sushi,2060 Mountain Blvd,510-338-1188,4.4,,Cozy neighborhood sushi and omakase spot in Montclair.,https://www.google.com/maps/place/?q=place_id:ChIJpzWcr5qHj4AR6LPp8Jbmogk
Kotobuki Japanese Restaurant,Oakland,Montclair,Japanese/Sushi,6111 La Salle Ave,510-658-3119,4.5,$$,"No-frills, family-friendly Montclair sushi spot with generous complimentary extras.",https://www.google.com/maps/place/?q=place_id:ChIJ11j9ypqHj4AR5r_krAzVA2s
Lucky Three Seven,Oakland,Fruitvale,Filipino,2868 Fruitvale Ave,510-866-2023,4.5,$$,Hole-in-the-wall Filipino wings and lumpia spot; owner known for handing out free samples.,https://www.google.com/maps/place/?q=place_id:ChIJARrHdVWGj4ARd7RozJnAwoA
MAMA Oakland,Oakland,Grand Lake,Italian Wine Bar,388 Grand Ave,510-974-6372,4.5,$$,Modern Italian wine bar with a well-loved prix-fixe menu.,https://www.google.com/maps/place/?q=place_id:ChIJP3byt5iHj4ARj2K4nYYLMco
Mi Grullense,Oakland,Fruitvale,Mexican,1457 Fruitvale Ave,510-261-3325,4.1,$$,Longtime Fruitvale Mexican restaurant with a full bar and free parking.,https://www.google.com/maps/place/?q=place_id:ChIJuS7iB_SGj4ARuHopHjMxnp4
Montclair Egg Shop,Oakland,Montclair,Brunch,6126 Medau Pl,510-339-9554,4.4,$,Popular Montclair Village brunch spot known for benedicts; expect a wait on weekends.,https://www.google.com/maps/place/?q=place_id:ChIJGwmFNoWHj4ARAavF0tayT9Y
Moo Bong Ri,Oakland,Temescal,Korean Stews,4390 Telegraph Ave Ste K,510-654-4606,4.5,$$,Korean stew and rice-cake spot known for blood sausage soup and teokbokki.,https://www.google.com/maps/place/?q=place_id:ChIJmf4DV-J9hYARz5yWT9R4oKk
Mr Liu Noodle House,Oakland,Chinatown,Chinese Noodles,358 11th St,510-424-6988,4.8,$$,Authentic Chinese noodle house known for beef brisket noodles and wontons.,https://www.google.com/maps/place/?q=place_id:ChIJ9W_jqkWBj4ARgPgDrBIH4aE
Mugunghwa Korean Restaurant (Oakland),Oakland,Temescal,Korean,4315 Telegraph Ave,510-876-9988,4.7,$$,Temescal Korean spot known for banchan and galbijjim; sister to El Cerrito location.,https://www.google.com/maps/place/?q=place_id:ChIJX2DZZcR9hYAROoUnCBBSkXU
NIDO's BackYard,Oakland,Jack London/Marina,Mexican/Cocktail Bar,104 Oak St,510-500-9757,4.4,$$,"Colorful outdoor Mexican bar and grill; great for groups, tricky parking nearby.",https://www.google.com/maps/place/?q=place_id:ChIJK_MXKS6Bj4ARR_hUcLHS-Rs
Oakland Street Food Co.,Oakland,Downtown Oakland,Fusion Street Food,430 13th St,510-350-8587,4.6,$$,Casual fusion street-food counter known for garlic noodles.,https://www.google.com/maps/place/?q=place_id:ChIJ4dhhDCeBj4ARmtLcUBfwFkQ
Ohgane Oakland,Oakland,Temescal/Piedmont border,Korean BBQ,3915 Broadway,510-594-8300,4.4,$$,All-you-can-eat Korean BBQ flagship; small East Bay-only local restaurant group.,https://www.google.com/maps/place/?q=place_id:ChIJh7N4zft9hYARPVRV9D6dXP4
Parche,Oakland,Uptown,Colombian,2295 Broadway,510-544-8982,4.7,$$,Gluten-free-kitchen Colombian restaurant known for empanadas and ceviche.,https://www.google.com/maps/place/?q=place_id:ChIJG1pb93OBj4ARzhiDnWVUWEg
Pizzaiolo,Oakland,Temescal,Italian/Californian,5008 Telegraph Ave,510-652-4888,4.5,$$,Longtime Temescal anchor for wood-fired pizza and seasonal Californian cooking.,https://www.google.com/maps/place/?q=place_id:ChIJYdYrAeF9hYARXSv17bySojU
Pomet,Oakland,Piedmont Ave,Farm-to-Table Californian,4029 Piedmont Ave,510-450-2541,4.7,$$$$,Ambitious farm-to-table tasting menu-style dinners; a East Bay dining destination.,https://www.google.com/maps/place/?q=place_id:ChIJAzAYWLJ9hYARr2fF6gon7Eo
Prescott Market West Oakland,Oakland,West Oakland,Food Hall,1620 18th St,510-894-9191,4.9,$$,"Community food hall of independent local vendors, next to the farmers market.",https://www.google.com/maps/place/?q=place_id:ChIJtd6PRwB_hYARX1oG3i1Ft6U
Puerto Rican Street Cuisine,Oakland,San Antonio,Puerto Rican,1430 23rd Ave,510-603-2906,4.8,$$,Chef-owned Puerto Rican spot with a quirky patio; reopened after a viral run.,https://www.google.com/maps/place/?q=place_id:ChIJa9RlEpyHj4ARQPd8rMHx98Q
Qi Wei House,Oakland,Downtown Oakland,Asian Fusion/Teriyaki,419 15th St,415-308-3728,4.6,$,Newer teriyaki-focused Asian fusion spot with friendly counter service.,https://www.google.com/maps/place/?q=place_id:ChIJfXI5RgCBj4AR7iQ2UE4A4mU
Rose Garden Uptown,Oakland,Uptown,Lao/Thai,1901 San Pablo Ave,510-817-4811,4.9,$$,Laotian-Thai restaurant blending traditional dishes with Californian ingredients.,https://www.google.com/maps/place/?q=place_id:ChIJw4X4eACBj4AR-oGs3l94_dQ
"Saffron Kitchen, Restaurant & Bar",Oakland,Rockridge,Afghan/Persian,5940 College Ave Unit J-I,510-735-9220,4.7,$$,Afghan restaurant known for kabobs and pistachio gelato.,https://www.google.com/maps/place/?q=place_id:ChIJAZ91Zfh9hYAR8i-r7QeuQ_g
Saucy Oakland,Oakland,Downtown/Chinatown,Asian Fusion,468 8th St,510-764-3939,4.6,$$,Sauce-forward Asian fusion spot known for garlic noodles and hamachi spoons.,https://www.google.com/maps/place/?q=place_id:ChIJj38VTOl9hYARolNsyWwjDXw
Seoul Gom Tang,Oakland,Temescal,Korean Soups,3801 Telegraph Ave,510-597-9989,4.4,$$,Family-owned Korean soup specialist known for oxtail and seafood pancakes.,https://www.google.com/maps/place/?q=place_id:ChIJJxKBhwd-hYARckeSfiqOiT4
Sequoia Diner,Oakland,Laurel,American Diner,3719 MacArthur Blvd,510-482-3719,4.5,$$,Popular weekend brunch diner; note one review flags a recent ownership change.,https://www.google.com/maps/place/?q=place_id:ChIJtRWb2EeGj4ARyouSvsO5p50
Sfizio,Oakland,Rockridge,Italian,6099 Claremont Ave,510-229-8365,4.6,$$,"Small chef-owned Italian spot with a rotating, mostly-handmade pasta menu.",https://www.google.com/maps/place/?q=place_id:ChIJjYS-fxN9hYAR7bsRswvDt2c
Shan Dong,Oakland,Chinatown,Chinese Hand-Pulled Noodles,328 10th St #101,510-839-2299,4.5,$,Longtime Oakland Chinatown institution for hand-pulled noodles and dry-fried green beans.,https://www.google.com/maps/place/?q=place_id:ChIJDWHUxrWAj4ARP4aX5a3hCkE
Snail Bar,Oakland,Temescal,Natural Wine Bar,4935 Shattuck Ave,510-879-7678,4.3,$$$,Small-plates natural wine bar with a rotating chef-driven menu.,https://www.google.com/maps/place/?q=place_id:ChIJ_4GPE_x_hYARouAt1lJ7i-c
Sun Moon Studio,Oakland,West Oakland,Fine Dining Tasting Menu,1940 Union St Ste 21,,4.9,$$$$,Michelin-starred intimate tasting-menu restaurant; reservations are hard to get.,https://www.google.com/maps/place/?q=place_id:ChIJ05gry4t_hYAR4tpX79itpGo
T'chaka a Taste of Haiti,Oakland,Old Oakland,Haitian,901 Washington St,510-899-2072,4.7,$$,"Chef-owned Haitian restaurant known for oxtail and griot; warm, personal service.",https://www.google.com/maps/place/?q=place_id:ChIJHdJYU_-Bj4AR-bCdT31GK_c
Teni East Kitchen,Oakland,Piedmont Ave,Burmese,3770 Piedmont Ave Unit B,510-879-6936,4.8,$$,New Burmese restaurant known for cumin chicken and garlic noodles.,https://www.google.com/maps/place/?q=place_id:ChIJBUIHfgB9hYARY8WLLR-n2TY
The Cook and Her Farmer,Oakland,Downtown/Old Oakland,Oysters/Wine Bar,510 9th St,510-285-6140,4.5,$$,Tiny open-kitchen spot known for seafood stew and oyster po'boys.,https://www.google.com/maps/place/?q=place_id:ChIJM1mnOreAj4ARD9XM0bAUOuM
The Fat Lady Bar & Restaurant,Oakland,Old Oakland/Jack London,American Bar,201 Washington St,510-465-4996,4.5,$$,Historic Old Oakland bar/restaurant with vintage decor and a popular prime rib night.,https://www.google.com/maps/place/?q=place_id:ChIJFbAoCLiAj4AR5PvBifjo6vg
The Hatch Oakland,Oakland,Downtown Oakland,Bar,402 15th St,,4.5,$,Small bar known for excellent vegan buffalo wings.,https://www.google.com/maps/place/?q=place_id:ChIJ0zyllbOAj4ARjauNbYpBfCU
The Monk's Kettle,Oakland,Rockridge,Gastropub,5484 College Ave,415-865-9523,4.7,$$,Beer-focused gastropub known for lamb shank and a cozy patio.,https://www.google.com/maps/place/?q=place_id:ChIJwXDyKgB9hYARaEuwYGwEkYY
The Saap Avenue,Oakland,Piedmont Ave,Thai,4395 Piedmont Ave,510-361-6498,4.6,,"Large, casual bar-restaurant hybrid serving Thai food and cocktails.",https://www.google.com/maps/place/?q=place_id:ChIJg8Gi5fN9hYARxNQpDTneKes
The Salty Pearl,Oakland,Jack London,Oyster Bar,550 2nd St,,4.7,$$$,Cozy oyster bar with $1-oyster Friday specials and fresh crudo.,https://www.google.com/maps/place/?q=place_id:ChIJLYtyl7WBj4ARMZ0p0y5p8Ig
The Saucy Hut,Oakland,Fruitvale,Seafood Rolls/Southern,3409 Fruitvale Ave,510-938-5333,4.0,$$,Food-truck-turned-storefront known for real-crab seafood rolls and Philly cheesesteak egg rolls.,https://www.google.com/maps/place/?q=place_id:ChIJwUbcFQCHj4AREviHVz6jk5Q
The Wolf,Oakland,Piedmont Ave,Californian,3853 Piedmont Ave,510-879-7953,4.6,$$$,"Seasonal Californian menu in a lively, packed dining room.",https://www.google.com/maps/place/?q=place_id:ChIJZ4ORM_h9hYAR3lsgp6w15rQ
To The Moon,Oakland,Temescal,Korean (Late-night),4390 Telegraph Ave A,510-907-3182,4.7,$$,Late-night Korean bar food open until 2am; a Temescal favorite.,https://www.google.com/maps/place/?q=place_id:ChIJX03GUAZ9hYAR7Ph-6lAjef4
Town Fare by Chef Michele McQueen,Oakland,Downtown Oakland (Museum),Chicken & Waffles,1000 Oak St,510-318-8570,4.5,$$,"Chef-driven counter-service spot inside the Oakland Museum, known for fried chicken.",https://www.google.com/maps/place/?q=place_id:ChIJ8_AlIjWHj4ARdL-b2fIBMzQ
Twinflame,Oakland,Piedmont Ave,Korean-Japanese Robata,230 W MacArthur Blvd,,4.7,$$,New Korean-Japanese robata grill known for hamburg steak sets.,https://www.google.com/maps/place/?q=place_id:ChIJsSx7rS19hYARqUCSJxqIfbQ
Understory Oakland,Oakland,Fruitvale,Filipino,3340 International Blvd,510-315-3763,4.8,$$,Worker-owned Filipino restaurant and community space with a curio shop.,https://www.google.com/maps/place/?q=place_id:ChIJ7Yr6RreAj4ARYm2T5AVLeso
Wahpepah's Kitchen,Oakland,Fruitvale,Indigenous,3301 E 12th St #133,510-698-4067,4.8,$$,Native American-owned restaurant serving bison tacos and frybread near BART.,https://www.google.com/maps/place/?q=place_id:ChIJgz-ZtEuHj4ARRQzS1cP5JgY
Willows & Pine,Oakland,Fruitvale,Soul Food/Louisiana,3525 Fruitvale Ave,510-842-3564,4.6,$$,Family-owned soul food restaurant known for gumbo and short ribs.,https://www.google.com/maps/place/?q=place_id:ChIJAyDVoRmHj4ARifkawXSd7v0
Wood Tavern,Oakland,Rockridge,New American,6317 College Ave,510-654-6607,4.6,$$$,Longtime Rockridge staple for steak and seasonal New American dishes.,https://www.google.com/maps/place/?q=place_id:ChIJd-5k--h9hYARvAzf0IPfwW0
Yellow Door,Oakland,Montclair,Cafe/Bakery,6466 Moraga Ave,,4.7,$$,"Beloved Montclair cafe for breakfast sandwiches, pastries, and egg tarts.",https://www.google.com/maps/place/?q=place_id:ChIJPS5udOWHj4ARu9yka76jV-A
