Restaurant,Address,Phone,Website,Cuisine,Neighborhood,Directory Description,Highlights,Hours,Notes to Verify,Sources
310 Eatery - LA Style Street Food,"747 San Pablo Ave, Albany, CA 94706",(510) 697-3878,https://www.instagram.com/310eatery/,Burgers / LA-style street food,Albany (San Pablo Ave near Solano Ave),"310 Eatery brings the flavors of Los Angeles street and comfort food to San Pablo Avenue in Albany. Owner Aaron Fong got his start in restaurants as a server at Grazzy Burgers, the burger spot that once occupied this same address, and he launched 310 Eatery in Walnut Creek in 2014 before reopening it here in 2018. The menu centers on burgers and beer, with playful LA-inspired creations such as the 405 Traffic Jam Burger, bacon jam fries, and a Little Tokyo Po' Boy built on soft-shell crab with unagi aioli. It is a casual stop for dine-in, takeout, or delivery.","405 Traffic Jam Burger; bacon jam fries; Little Tokyo Po' Boy (soft-shell crab, fried egg, spicy slaw, unagi aioli); burgers and brews",,"Full name per Google/Waze listing is '310 Eatery- LA Style Street Food'. Address is Albany (94706), not Berkeley. No standalone official website found; Instagram/Facebook used (a mybistro.online page appears to be third-party). Phone from input; not independently confirmed. Owner/history details come from 2018-era Beyond the Creek coverage; Yelp listing active as of Aug 2026. Menu items may have changed since 2018.",https://www.beyondthecreek.com/loc/albany/ | https://www.instagram.com/310eatery/ | https://www.waze.com/live-map/directions/us/ca/albany/310-eatery-la-style-street-food?to=place.ChIJVSAMVvHjMhURrd-JPLeAQCw | https://www.yelp.com/biz/310-eatery-albany | https://www.grubhub.com/restaurant/310-eatery-747-san-pablo-ave-albany/2343618
900 Grayson,"900 Grayson St, Berkeley, CA 94710",(510) 704-9900,https://www.900grayson.com/,"American breakfast, brunch and lunch / comfort food",West Berkeley,"Tucked into a pink-fronted corner building at Grayson and Seventh streets, 900 Grayson is a longtime West Berkeley favorite for breakfast and lunch. The kitchen puts creative spins on American comfort food, drawing on quality, seasonal ingredients and the occasional Asian accent. It has long been known for the Demon Lover, a plate of spicy fried chicken over buttermilk waffles, along with a natural-beef burger topped with applewood-smoked bacon and house barbecue sauce. The low-key, neighborly room fills quickly on weekdays and Saturday mornings, and outdoor seating and takeout are also available.",The Demon Lover (spicy fried chicken and buttermilk waffles); natural beef burger with applewood-smoked bacon and house BBQ sauce; creative breakfast plates; outdoor seating,"Mon-Fri 8-10:45am (breakfast), 11:30am-2pm (lunch); Sat 8am-2pm; Sun closed (per Visit Berkeley; verify)","Owner/chef info (co-owners Anthony and Christopher Saulnier; dishes Demon Lover, Ladyboy, Gollum) comes from a 2012 Berkeleyside article and may be dated; omitted names from description. Listings (Yelp Sept 2026, OpenTable 2026, Visit Berkeley) indicate it is operating. Official site did not render details in fetch.",https://www.visitberkeley.com/directory/900-grayson/ | https://www.berkeleyside.org/2012/09/28/900-grayson-american-food-with-flare-in-west-berkeley | https://www.900grayson.com/ | https://www.opentable.com/r/900-grayson-restaurant-berkeley | https://www.yelp.com/biz/900-grayson-berkeley-2
Angeline's Louisiana Kitchen,"2261 Shattuck Ave, Berkeley, CA 94704",(510) 548-6900,https://angelineskitchen.com/,Cajun / Creole (New Orleans),Downtown Berkeley,"Angeline's Louisiana Kitchen is Downtown Berkeley's slice of New Orleans, set on Shattuck Avenue at Kittredge Street near the downtown theaters and BART. Founder Robert Volberg opened it to share Southern hospitality and Louisiana flavors with the Bay Area, and the menu leans on Big Easy classics: jambalaya, gumbo, buttermilk fried chicken, Creole barbecue shrimp, and beignets for dessert, with Abita beer to wash it down. The casual, kid-friendly dining room comes with New Orleans music, and there is outdoor seating in warmer months. Dine-in, takeout, and delivery are all available.",Jambalaya; gumbo; buttermilk fried chicken; Creole barbecue shrimp; beignets; Abita beer; New Orleans music,,"Owner Robert Volberg and executive chef Brandon Dubea named in KQED Check, Please! info page (originally 2008, updated Sept 2024) and ABC7; chef not included in description in case of turnover. Opening year not confirmed. Active Toast ordering and Yelp listing updated Sept 2026.",https://angelineskitchen.com/index.html | https://www.kqed.org/checkplease/740/angelines-louisiana-kitchen-restaurant-info | https://bartable.bart.gov/featured/angelines-louisiana-kitchen | https://abc7news.com/archive/5935751/ | https://www.toasttab.com/local/order/angelines-louisiana-kitchen-2261-shattuck-ave/r-90c9b4dd-6eb2-49f7-b961-a7b9f47b2b06 | https://www.yelp.com/biz/angelines-louisiana-kitchen-berkeley
Anja's,"1966 University Ave, Berkeley, CA 94704",(510) 647-5016,https://anjaskitchen.com/,German-Californian cafe,Downtown Berkeley (University Ave),"Anja's is a small German cafe from chef Anja Voth, who ran the beloved Gaumenkitzel on San Pablo Avenue for 13 years before closing it in 2024. Working with her husband, Kai Flache, she reopened on University Avenue that summer with a lighter, daytime menu she describes as California cooking with German love, built on organic and sustainable ingredients from her longtime suppliers. Expect creamy oat porridge, savory potato-egg muffins, soups, and German sheet cakes such as poppyseed and apple, plus Gugelhopf. Guests can linger on the patio beside rose gardens or grab something to go.","Oat porridge; potato-egg muffins with beets or smoked salmon; German sheet cakes (poppyseed, apple, seasonal plum); Gugelhopf; patio among rose gardens; chef-owned",Tue-Sat 8:30am-3pm (as reported at 2024 opening; verify),"Opened late Aug 2024. Visit Berkeley lists it as 'Anja's Kitchen'; Yelp and Downtown Berkeley list 'Anja's'. anjaskitchen.com may be a legacy Gaumenkitzel-era domain - verify. Phone from input, not independently confirmed. Dinner service was planned in 2024; unconfirmed. Yelp listing updated July 2026.",https://eastbayexpress.com/chef-anja-voth-opens-anjas-in-berkeley/ | https://www.berkeleyside.org/2024/08/12/gaumenkitzel-anja-voth-restaurant-berkeley | https://www.dailycal.org/news/city/local-businesses/california-cuisine-with-german-love-anja-s-opens-in-downtown-berkeley/article_acd26b40-6673-11ef-b377-43c838324329.html | https://www.downtownberkeley.com/bizdirectory/anjas/ | https://www.visitberkeley.com/directory/anjas-kitchen/ | https://www.yelp.com/biz/anja-s-berkeley
Ashby Eatery,"3031 Adeline St, Berkeley, CA 94705",(510) 529-4125,https://www.instagram.com/ashby.eatery/,American breakfast and lunch cafe,South Berkeley (across from Ashby BART),"Ashby Eatery is a relaxed neighborhood cafe on Adeline Street, directly across from the Ashby BART station, that opened in fall 2025 in the former Flacos space. It serves elevated breakfast and lunch all day, from biscuit egg sandwiches, the Berkeley Scramble, and banana bread French toast to a spicy honey fried chicken sandwich, a vegan BLTA, grain bowls, and kale Caesar salad. Smoothies, coffee, beer, and wine round out the drinks, and there is a kids' menu plus happy-hour tacos and snacks. Covered and open-air seating make it an easy stop, and dogs are welcome.",Spicy honey fried chicken sandwich; banana bread French toast; biscuit egg sandwich; Berkeley Scramble; vegan BLTA; smoothies; happy hour; dog-friendly outdoor seating,Wed-Thu & Sun 8am-4pm; Fri-Sat 8am-7pm; Mon-Tue closed (per Toast ordering page),Input described it as fried chicken/American; menu is broader breakfast-lunch with a fried chicken sandwich. Owners not identified in any source. Opened ~Oct 2025. No standalone website found; Instagram used.,https://toast.app/r/ashby-eatery-3031-adeline-st/order | https://www.berkeley-eats.com/newcomer-ashby-eatery-opens/ | https://www.instagram.com/ashby.eatery/ | https://www.yelp.com/biz/ashby-eatery-berkeley
Bangalore Blues (by Pochys),"1889 Solano Ave, Berkeley, CA 94707",(510) 570-2271,https://www.pochys.com/,South Indian (Karnataka / Bangalore),Upper Solano Ave / Thousand Oaks (at The Alameda),"Bangalore Blues is the sit-down evolution of Pochys, restaurateur Aravind Pochiraju's South Indian spot on Solano Avenue, reborn in early 2026 with a dining room awash in deep blue down to the plates. The kitchen draws on Bangalore street food and home cooking, roasting whole spices in-house and making its own ghee. Look for crisp masala and ghee dosas, soft idli, Chicken 65, gobi Manchurian, kathi rolls, and donne biryani made with seeraga samba rice. For a deeper dive, an $80 multi-course Karnataka tasting menu features dishes such as koli saaru and chicken chops.",Masala and ghee dosas; idli; donne chicken biryani (seeraga samba rice); Chicken 65; gobi Manchurian; kathi rolls; $80 Karnataka tasting menu,"Tue-Sun 11am-3pm and 4-9pm (Hoodline, Apr 2026); pochys.com says closed Thursdays - verify","Same address as Pochys; Richmondside describes Pochys as relocated/rebranded as Bangalore Blues, Hoodline calls it the sit-down evolution of Pochys. Website is still pochys.com (reservations/ordering). Phone from input, not independently confirmed. Tasting menu price as of Apr 2026. Address is Berkeley 94707 (Solano Ave at The Alameda).",https://hoodline.com/2026/04/bangalore-blues-quietly-drops-80-feast-on-solano-avenue/ | https://richmondside.org/2026/01/28/bangalore-blues-gusto-id-cafe-east-bay-openings/ | https://www.pochys.com/ | https://www.visitberkeley.com/directory/bangalore-blues/ | https://www.yelp.com/biz/bangalore-blues-berkeley
Bangkok by the Bay,"800 Heinz Ave, Berkeley, CA 94710",(510) 423-3888,https://www.bangkokbythebay.com/,Thai,"West Berkeley (Aquatic Park area, near Berkeley Bowl West)","Bangkok by the Bay is a family-run Thai restaurant that opened in November 2024 in West Berkeley's Aquatic Park district, in the tree-lined courtyard space long home to Riva Cucina. Co-owners Sung Makawatsakul, who leads the kitchen, and Nantika Julakasilp serve familiar favorites alongside dishes less often seen on Bay Area menus. Standouts include laab gai presented in a purple cabbage leaf, a massaman curry of slow-cooked bone-in short ribs, and carefully garnished pad Thai. The bright dining room and large outdoor patio suit weekday lunches, happy hour, dinner, and private events.",Laab gai in purple cabbage leaf; short-rib massaman curry; pad Thai; large outdoor patio; happy hour; private events and catering,"Mon-Fri lunch 11:30am-2:30pm, happy hour 5-6pm, dinner 5-8:30pm; Sat happy hour 4:30-5:30pm, dinner 4:30-9pm (per official site)",Official site hours differ slightly from East Bay Express opening coverage (Mon-Fri 4-8:30pm dinner). Sunday hours not listed.,https://www.bangkokbythebay.com/ | https://eastbayexpress.com/bangkok-by-the-bay-opens-in-berkeley/ | https://www.toasttab.com/local/order/bangkok-by-the-bay/r-5ab532d9-36fb-4c1e-9e27-1e06c2cac926 | https://www.visitberkeley.com/directory/bangkok-by-the-bay/
Brezo,"1111 Solano Ave, Albany, CA 94706",(510) 705-1897,https://www.brezorestaurant.com/,"California-Mexican, brunch and dinner",Albany (lower Solano Ave),"Brezo is a chef-owned California-Mexican restaurant on lower Solano Avenue in Albany, run by co-chefs Heather Mervine and Hector Hernandez. After starting in Point Richmond in 2017, the pair moved in early 2024 to the former Rendez-Vous Cafe Bistro space, where Mervine had begun her executive chef career, bringing her story full circle. The kitchen makes its own non-GMO masa, bakes pastries in-house, and cooks with seasonal California produce. Favorites include chilaquiles verdes, blueberry pancakes with blueberry butter, gorditas, braised lamb, and the Brezo Burger, served for brunch, lunch, and dinner indoors or on a sunny patio.",Chilaquiles verdes; blueberry pancakes with blueberry butter; gorditas with house masa; braised lamb; Brezo Burger; house-baked pastries and desserts; sunny patio,Mon closed; Tue-Thu 10:30am-2:30pm & 5:30-8pm; Fri 10:30am-2:30pm & 5:30-9pm; Sat 8:30am-2:30pm & 5:30-9pm; Sun 8:30am-2:30pm & 5:30-8:30pm (per official site),"Located in Albany (94706), not Berkeley. Site styles the name 'Brezo_Restaurant'; 'Brezo' used as official name. Featured on KQED Check, Please! Bay Area.",https://www.brezorestaurant.com/ | https://richmondstandard.com/richmond/2023/11/13/brezo-readies-to-swing-open-its-doors-at-new-location/ | https://www.kqed.org/checkplease/23555/check-please-bay-area-reviews-brezo-minnie-bells-soul-movement-rise-woodfire-pizza-rotisserie | https://www.berkeleyside.org/2024/02/01/farmhouse-berkeley-brezo-pizzalina-restaurant-openings
"Califa's Greens (styled ""Califas Greens"" on its website)","1106 University Ave, Berkeley, CA 94702",(510) 705-1007,https://califasgreens.com/,"Latin American / Mexican; healthy bowls, salads and fresh juices","University Avenue, West Berkeley","Califa's Greens is a family-run scratch kitchen on University Avenue. Owners Zeiri Guzman, Annia Guzman and Margarito Gallardo worked at La Capilla, the restaurant that used to occupy the space, and took it over in early 2021. The menu mixes fresh, vegan-friendly bowls and salads with Mexican and Latin American comfort food: kale and beet bowls, cochinita pibil and carnitas tacos, chilaquiles, huevos rancheros and enchiladas, all served with housemade salsas. Fresh-squeezed juices and smoothies go well with the lighter plates, and churros, alfajores and tres leches cake round things out. It's a relaxed, welcoming stop for breakfast, lunch or an early dinner.","Kale and beet bowls; cochinita pibil and carnitas tacos; chilaquiles and huevos rancheros; housemade salsas; fresh juices and smoothies; churros, alfajores and tres leches",Sun 10am-3:30pm; Mon-Tue 10am-7:30pm; Wed 10am-3:30pm; Thu-Sat 10am-8:30pm (per website; Visit Berkeley lists slightly different hours),"The input called it Peruvian/Mexican, but no Peruvian dishes turned up; sources describe it as Mexican/Latin American and vegan-friendly. The website omits the apostrophe, while Facebook and Instagram use ""Califa's Greens"". Opened Jan 19, 2021.",https://califasgreens.com/ | https://www.visitberkeley.com/directory/califas-greens/ | https://www.dailycal.org/archives/healthy-vegan-friendly-restaurant-califas-greens-opens-in-berkeley/article_7735db63-865f-591b-b71f-b889ecfac61f.html
Chez Mansour Restaurant & Wine Bar,"1369 Solano Ave, Albany, CA 94706",(510) 524-1040,http://www.chez-mansour.com/,Lebanese / Mediterranean; wine bar,"Solano Avenue, Albany","Chez Mansour is a Lebanese and Mediterranean restaurant and wine bar on Solano Avenue in Albany, with an old-fashioned, candlelit dining room made for lingering. The kitchen makes its mezza in house, including hummus, baba ghannouge, falafel and grape leaves, which work well shared over a glass of wine. There are also grilled kababs of lamb, beef, chicken and seafood, shawarma, lamb chops, and baked eggplant with pomegranate sauce, with baklava to finish. Some evenings bring live music, including jazz duos and occasional belly dancing. Tables outside on Solano are a nice option on warm days.",House-made mezza platter; grilled kababs and lamb chops; chicken shawarma; baked eggplant with pomegranate sauce; baklava; wine bar with live music some evenings; outdoor seating,"Daily 11:30am-9:30pm (per official website; OpenTable shows a weekday afternoon break, 2:30-4:30pm)","No source confirms the ""1920s-style"" theme; sources call it old-fashioned and candlelit. ZIP: official site says 94707, while OpenTable and AAA say 94706 (Albany). OpenTable names the owners as ""Mansour and Tanya"" (first names only, unverified), so they're left out of the description.",http://www.chez-mansour.com/ | https://www.opentable.com/r/chez-mansour-albany | https://www.aaa.com/tripcanvas/restaurant/chez-mansour-AA30596 | https://www.atly.com/location/ChezMansour | https://www.instagram.com/reel/C3S4Uttre8L/
Chez Panisse,"1517 Shattuck Ave, Berkeley, CA 94709",(510) 548-5525,https://www.chezpanisse.com/,"Californian, seasonal/local",North Berkeley (Gourmet Ghetto),"Chez Panisse is Alice Waters' landmark North Berkeley restaurant and one of the places most closely tied to Californian cuisine and the farm-to-table movement. The kitchen cooks from peak-season produce and local sources, and the menus change every day. Downstairs, the main dining room serves a four-course set dinner in two nightly seatings, with the open kitchen and wood-burning oven in full view at the back. Upstairs, the more casual café offers an à la carte menu at lunch and dinner. It's a place food lovers seek out on purpose, and reservations open a month ahead.",Four-course prix fixe downstairs; à la carte café upstairs; daily-changing seasonal menus; wood-burning oven and open kitchen; Alice Waters' flagship,"Restaurant: Mon-Sat, two dinner seatings. Café: lunch Tue-Sat, dinner Mon-Sat. Closed Sunday.","The official information page lists (510) 548-5049 for pre-payments (10am-6pm); the input number (510) 548-5525 is kept as the main line. Adds a 17% service charge; reservations via the website or Resy, one month ahead.",https://www.chezpanisse.com/information/ | https://guide.michelin.com/us/en/california/berkeley/restaurant/chez-panisse
DH Noodles and Grill,"2475 Telegraph Ave, Berkeley, CA 94704",(510) 898-1271,https://pos.chowbus.com/online-ordering/store/DH-Noodles-and-Grill-Berkeley/44175,Northwestern Chinese; Lanzhou hand-pulled noodles and BBQ,"Telegraph Avenue / Southside, near UC Berkeley","DH Noodles and Grill opened on Telegraph Avenue in spring 2026 and serves the regional cooking of Northwestern China. The focus is Lanzhou-style hand-pulled noodles, served in rich soups, tossed dry or stir-fried. The menu also has heartier dishes such as da pan ji, a big plate of chicken stew, and cumin-spiced lamb, plus Northwest-style grilled skewers, cold appetizers, and fried rice and pilaf. A few blocks from campus, it's a casual spot for a filling bowl of noodles at lunch or dinner, and it also does takeout and delivery.",Lanzhou hand-pulled noodle soup; dry and stir-fried hand-pulled noodles; da pan ji (big plate chicken); spicy cumin lamb; Northwest BBQ skewers; cold dishes,Mon-Fri 11:30am-3:30pm & 4:30-8:45pm; Sat-Sun 11:30am-8:45pm (per Chowbus),"Full name confirmed as DH Noodles and Grill; Grubhub lists it as ""DH Noodles and Grill Dun Huang Lan Zhou Niu Rou La Mian"" (DH is probably Dun Huang, unconfirmed). No official website found, so the Chowbus ordering page is used. Owners unknown, and couldn't confirm whether it's independent or part of a group. It opened around May 2026.",https://www.berkeleyside.org/2026/05/26/hinodeya-dera-dh-noodles-doppio-zero-trompudo-perla-tapatia-mensho | https://pos.chowbus.com/online-ordering/store/DH-Noodles-and-Grill-Berkeley/44175 | https://www.grubhub.com/restaurant/dh-noodles-and-grill-dun-huang-lan-zhou-niu-rou-la-mian-2475-telegraph-avenue-berkeley/14955264
Divan — Modern Turkish Cuisine,"1788 Fourth St, Berkeley, CA 94710",(510) 898-1718,https://divanberkeley.com/,Modern Turkish,"Fourth Street, West Berkeley","Divan is a modern Turkish restaurant on Fourth Street that opened in June 2026, run by the team behind San Francisco's Taksim. The name refers to the central seating area of a traditional Turkish home, and the idea is hospitality: plates meant for sharing and taking your time over. The menu includes mezze such as hummus and muhammara, pide flatbreads, kebabs, cabbage rolls and grilled branzino, plus a generous Turkish breakfast for two with menemen and çılbır. The bright space has wood and tile details, a full bar with craft cocktails and sangria, and a covered patio.","Mezze trio (hummus, muhammara, ezme); pide including sucuklu; kebabs such as çökertme kebabı; Turkish breakfast for two; house baklava; olive oil martini and house sangria; covered patio","Lunch Mon-Fri 11:30am-2:30pm, Sat-Sun 11am-2:30pm; dinner daily 5-8:45pm (per website)","New, opened June 22, 2026 in the former Pollara space. Run by the Taksim (SF) team, so it's a Bay Area operator rather than a single-location Berkeley business. It started as lunch-only, and the website now lists dinner hours.",https://divanberkeley.com/ | https://www.berkeley-eats.com/divan-fourth-streets-newest-restaurant-opens-monday/ | https://www.hungryonion.org/t/divan-4th-street-berkeley/48855 | https://www.berkeleyside.org/2026/06/23/divan-serotonin-scoops-miles-slice-aung-myanmar-millenium
Dolly's,"10172 San Pablo Ave, El Cerrito, CA 94530",(510) 609-7123,https://www.dollystavern.com/,Italian; wine bar,"San Pablo Avenue, El Cerrito","Dolly's is a family-owned Italian restaurant and wine bar on San Pablo Avenue in El Cerrito, run by owner Dolly Batathota. Its signature dish is fettuccine finished tableside in a 100-pound wheel of Parmigiano-Reggiano, an idea Batathota brought home from a trip to Florence. It's served plain or topped with smoked salmon or prosciutto, and it's become the restaurant's best-known draw. The rest of the menu covers Italian classics, with a selection of wines to go with them. Dolly's also caters weddings, birthdays and corporate events, and offers takeout and delivery.",Cheese-wheel fettuccine finished in a Parmigiano-Reggiano wheel; smoked salmon or prosciutto toppings; Italian wine selection; event catering,,"The website calls it ""Dolly's Restaurant"" and uses the domain dollystavern.com; Tripadvisor lists ""Dolly's Tavern"". Phone and ZIP 94530 come from the input and standard El Cerrito ZIP, not a fetched source. Hours not confirmed. Opening year not confirmed (probably 2023).",https://www.dollystavern.com/ | https://whyelcerrito.com/welcome-dollys/ | https://www.diablomag.com/food-drink/food-news/grate-expectations-cheese-wheel-pasta-in-the-east-bay/article_1beb3faa-9018-4f49-bee6-8ac9cea7df23.html | https://www.tripadvisor.com/Restaurant_Review-g32333-d28452487-Reviews-Dolly_s_Tavern-El_Cerrito_California.html
Duo Grill House,"1491 Solano Ave, Albany, CA 94706",(510) 524-3860,https://www.duogrillhouse.com/,American breakfast and lunch,"Solano Avenue, Albany","Duo Grill House is a neighborhood breakfast and lunch spot on Solano Avenue in Albany, serving hearty morning plates every day until mid-afternoon. Benedicts are a specialty, with five versions ranging from the classic to smoked salmon and a hash-topped take. There are also omelettes and scrambles (including one named for Albany), steak and eggs, Belgian waffles, and fried chicken and waffles. For something with more kick, there's a smothered breakfast burrito, chilaquiles and huevos rancheros. Egg plates come with Parmesan roasted potatoes or hash browns, and the counter now serves espresso. Dine in, take out or order delivery.",Five eggs benedicts; omelettes and scrambles; steak and eggs; Belgian waffles and chicken and waffles; wet breakfast burrito and chilaquiles; Parmesan roasted potatoes; espresso,Daily 8am-3pm (per website),No owner or backstory information found. Takes reservations through OpenTable and offers online ordering.,https://www.duogrillhouse.com/ | https://www.duogrillhouse.com/new-page
El Mono | Fresh Flavors of Peru,"11720 San Pablo Ave, Suite B, El Cerrito, CA 94530",(510) 778-8884,https://www.elmonofresh.com/,Peruvian,El Cerrito (San Pablo Avenue corridor),"El Mono brings the bright, homestyle flavors of Peru to San Pablo Avenue in El Cerrito. Owners Matt Khadivian and Daniela Diaz built a lively, colorful dining room decorated with art inspired by the Nazca Lines. The rotisserie chicken is the signature, and the menu covers Peruvian classics such as lomo saltado and ají de gallina, a creamy chicken stew made with ají amarillo. Fried green plantains with chimichurri and yuca with rocoto aioli are popular starters. Guests can dine in, reserve for larger parties, or order takeout, and the restaurant also caters group events. A second El Mono has since opened on Fourth Street in Berkeley.",Rotisserie chicken; lomo saltado; ají de gallina; fried green plantains with chimichurri; yuca with rocoto aioli; catering for groups; loyalty club,Sun–Thu 12–2:45pm & 5–7:45pm; Fri–Sat 12–2:45pm & 5–8:45pm,"The address includes Suite B. The input phone 510-778-8884 is the main line; the El Cerrito direct line is 510-680-2910. A second location is at 1300 4th St, Berkeley 94710 (510-280-7660).",https://www.elmonofresh.com/contact | https://www.elmonofresh.com/ | https://whatnow.com/san-francisco/restaurants/peruvian-concept-el-mono-coming-to-berkeley/ | https://www.berkeleyside.org/2025/05/27/oken-el-mono-sobo-ramen-openings | https://www.yelp.com/biz/el-mono-el-cerrito
FAVA,"2114 Vine St, Berkeley, CA 94709",,https://www.favaonvine.com/,Seasonal Mediterranean-leaning lunch counter,North Berkeley (Gourmet Ghetto / Vine Street),"FAVA is a small, daytime lunch counter on Vine Street in North Berkeley. It is run by chefs Sylvie Osborne Calierno and Jeremy Scheiblauer, who met while cooking at Chez Panisse. Sylvie had earlier opened her own restaurant in Spain, and Jeremy led the kitchen at a San Francisco restaurant before returning to Chez Panisse. The pair took over the space long occupied by the Juice Bar Collective. Their cooking is fresh, simple and built around seasonal ingredients, and service is casual and counter-style. The relaxed setting makes FAVA an easy choice for a neighborhood lunch, and families with children are welcome.","Chez Panisse-alumni chefs; seasonal, simply prepared lunch fare; salads; counter service; family-friendly; former Juice Bar Collective space",Tue–Sat 11am–3pm; closed Sun–Mon,"The input says Middle Eastern. The official site and the sources I could read name no specific dishes, and Yelp categorizes it as Salad. Verify the cuisine label against the current menu or Instagram (@fava_onvine). No phone is listed.",https://www.favaonvine.com/about-fava | https://www.favaonvine.com/information | https://www.instagram.com/fava_onvine/ | https://www.yelp.com/biz/fava-restaurant-berkeley
Gather,"2200 Oxford St, Berkeley, CA 94704",(510) 809-0400,https://gatherberkeley.com/,"Californian / farm-to-table, organic",Downtown Berkeley,"Gather opened in 2009 on the ground floor of the David Brower Center, steps from the UC Berkeley campus. It was founded by Eric Fenster and Ari Derfel of Back to Earth Catering and has become a showcase for organic, sustainably sourced California cooking. The seasonal menu draws on dozens of local farms and ranches and is designed for omnivores, vegetarians and vegans alike. Standouts include a vegan pizza made with cashew cream and a seasonal roast chicken, served with cocktails made from sustainable spirits. The dining room is built largely from reclaimed materials, including seat cushions stitched from old leather belts. Gather serves lunch, dinner and weekend brunch, and hosts private events.","Organic, locally sourced seasonal menu; many vegetarian and vegan dishes; vegan pizza with cashew cream; seasonal roast chicken; sustainable-spirits cocktails; reclaimed-material interior; weekend brunch; private events for 15–200",Mon–Fri 11am–2pm & 4–8:30pm; Sat–Sun 10am–2pm & 4–8:30pm,"The website styles the name 'Gather in Berkeley'. It is located in the David Brower Center. Dish examples come from a 2019 Berkeleyside article, and the menu changes seasonally.",https://gatherberkeley.com/ | https://gatherberkeley.com/menu | https://www.berkeleyside.org/2019/10/30/berkeleys-gather-more-than-just-a-place-to-meet | https://browercenter.org/news/gather-opens-in-berkeley/
Gusto,"1986 Shattuck Ave, Berkeley, CA 94704",(510) 977-2477,,Algerian / North African street food (halal),Downtown Berkeley,"Gusto opened on Shattuck Avenue in January 2026 as Berkeley's first Algerian fast-food spot. Owner Abdullah Bouhafs runs it with the aim of sharing the everyday street food of his home country with a new generation. Merguez, the spiced North African sausage, is the star and comes in lamb, beef or chicken. The menu also includes Algerian-style wraps and tacos, shawarma and burgers. Traditional sweets such as maqrout, ghribiya and kunafa are made fresh daily. Everything is halal, prices are modest, and videos and photos of Algerian landscapes set the mood. Gusto offers dine-in, takeout and delivery.","Merguez (lamb, beef or chicken); Algerian tacos and wraps; shawarma; burgers; house-made Algerian pastries (maqrout, ghribiya, kunafa, mille-feuille); 100% halal; budget-friendly",Mon–Thu 11am–9pm; Fri–Sat 11am–10pm; Sun 11am–9pm,"The input says Algerian/Persian. I found no evidence of Persian dishes; every source describes it as Algerian/North African. There is no official website, only Instagram @gusto_resterant_ and Facebook. The phone was taken from the input and not independently verified. ZIP 94704 is assumed.",https://www.dailycal.org/news/city/local-businesses/algerian-fast-food-spot-blends-old-and-new-generations/article_c6da9093-c456-4340-ad71-82e6d4ab2984.html | https://www.zabihah.com/restaurants/b4128f5d-7fa7-449a-a43d-584f707f73d7/gusto-berkeley-ca | https://www.yelp.com/biz/gusto-berkeley | https://www.grubhub.com/restaurant/gusto-restaurant-1986-shattuck-avenue-berkeley/13948376
Homeroom Berkeley (Homeroom Mac+Cheese),"1313 Ninth St, Suite 130, Berkeley, CA 94710",(510) 423-0400,https://www.homeroom510.com/,Mac and cheese / American comfort food,West Berkeley (Gilman District),"Homeroom began in Oakland in 2011 as a restaurant devoted almost entirely to macaroni and cheese. Its Berkeley outpost brings that playful concept to West Berkeley's Gilman District, in a warehouse building shared with other local food businesses. The menu offers creative takes on the comfort classic. The most popular is a Gilroy garlic mac, and there are also truffle and Buffalo chicken versions, among many others. The Berkeley location keeps late hours and is set up for pickup, delivery and catering, which makes it an easy choice for a group meal or a late-night craving.","Gilroy garlic mac; truffle mac; Buffalo chicken mac; late-night hours; pickup, delivery and catering",Daily 11am–midnight,"Confirmed as an official Berkeley location, the third Homeroom in the Bay Area. The flagship is at 400 40th St, Oakland, and there is also a location at 4007 Webster St, Oakland. The address includes Suite 130. The Berkeley site emphasizes pickup and delivery; confirm whether it offers dine-in seating.",https://www.homeroom510.com/locations | https://www.sfgate.com/food/article/bay-area-homeroom-new-restaurant-berkeley-17854719.php | https://www.ezcater.com/catering/homeroom-mac-cheese-berkeley | https://www.yelp.com/biz/homeroom-berkeley-berkeley
In the Wood,"2930 College Ave, Berkeley, CA 94705",(510) 649-8600,https://inthewood.biz/,Gastropub / wood-fired pizza and small plates,Elmwood,"In the Wood calls itself a gastropub for the Elmwood neighborhood: a casual, contemporary place for neighbors to meet over food and drinks on College Avenue. It has been open since 2018. The kitchen is built around a wood-fired oven that turns out pizzas alongside small and large plates made with local meats, fish and produce, with vegan and gluten-free options available. The bar focuses on locally brewed craft beers and sustainable wines, and happy hours are a regular feature. In the Wood serves lunch, dinner and brunch, with indoor and patio seating as well as takeout.","Wood-fired pizzas; small and large plates with local meats, fish and produce; vegan and gluten-free options; local craft beer and sustainable wines; happy hours; brunch; patio seating",Sun–Thu 11:30am–8:30pm; Fri–Sat 11:30am–9pm,Also styled 'In The Wood Gastropub' (delivery apps) and 'In The Wood Grill & Bar' (Instagram). The owner's name was not confirmed. Reservations are taken for parties of 6 or more.,https://inthewood.biz/ | https://inthewood.biz/about/ | https://www.dailycal.org/2018/03/25/in-the-wood-elmwood-restaurant-owner-interview | https://www.instagram.com/inthewoodberkeley/
Inn Kensington,"293 Arlington Ave, Kensington, CA 94707",(510) 527-5919,https://www.innkensington.com/,American breakfast and lunch / diner,"Kensington (Arlington Ave business district, just north of Berkeley)","Inn Kensington is a small neighborhood cafe on Arlington Avenue in Kensington, in the hills just north of Berkeley. Locals come here for a classic American breakfast and lunch. The menu leans on hearty morning favorites: homemade biscuits, corned beef hash, omelettes and scrambles, pancakes and waffles, and a chorizo breakfast for those who want some spice. The atmosphere is relaxed and family-friendly, with a cozy dining room and some outdoor seating. Guests can eat in or order takeout, and seasonal specials keep regulars coming back.",Homemade biscuits; corned beef hash; omelettes and scrambles; corn-cilantro pancakes; waffles; chorizo breakfast; outdoor seating; dine-in or takeout,7:30am–2:30pm; closed Tuesdays (per aggregator; verify),"It is located in Kensington (unincorporated Contra Costa County), not Berkeley proper. The official site blocks automated reading, so menu items and hours come from aggregator listings; verify them against innkensington.com. I found no owner or history information. Reports that the outdoor seating is pet-friendly are unverified.",https://www.innkensington.com/ | https://wanderlog.com/place/details/1335163/inn-kensington-restaurant | https://www.yelp.com/biz/inn-kensington-kensington | https://www.tripadvisor.com/Restaurant_Review-g32552-d367263-Reviews-Inn_Kensington-Kensington_California.html
Juanita & Maude,"825 San Pablo Ave, Albany, CA 94706",(510) 526-2233,http://www.juanitaandmaude.com/,Seasonal New American,Albany (San Pablo Avenue),"Juanita & Maude is an intimate, chef-driven restaurant on San Pablo Avenue in Albany. Chef Scott Eastman, formerly chef de cuisine at Berkeley's Corso, opened it in 2017 with co-owner Ariane Owens. It is named for his grandmother Juanita and his mother Maude. The kitchen offers Eastman's personal take on American cooking: a daily-changing, ingredient-driven menu of refined comfort food that draws on influences from around the world. Diners can sit in the lively dining room, anchored by a zinc bar, or on a heated back patio. A full bar with creative cocktails, wine and beer rounds out the dinner-only experience.",Daily-changing seasonal menu; well-known house burger; creative cocktails; zinc bar; heated back patio; private dining,Tue–Sat 5–9pm,"The early menu (2018) was described as Northern Italian with Japanese touches; the restaurant now presents as American. OpenTable mentions Michelin Guide recognition for its burger, which I did not independently verify, so it was left out of the description.",https://www.opentable.com/r/juanita-and-maude-albany | https://www.berkeleyside.org/2018/01/18/first-look-juanita-maude-in-albany | https://eastbayexpress.com/former-corso-chef-readies-juanita-maude-in-albany-2-1/
KAOKAO Grill,"2993 College Ave, Berkeley, CA 94705",(510) 960-0851,,Asian-inspired barbecue and noodles,Elmwood,"KAOKAO Grill is an owner-run spot on College Avenue in the Elmwood that brings American-style smoked barbecue together with Asian flavors and noodle bowls. Diners come for glossy char siu pork served over rice and for hearty bowls of noodles topped with smoky brisket, balanced by cool sides like spiced eggplant salad and tangy cucumbers, with house sodas to drink. The casual, loft-like room has seating on two levels, and the kitchen also handles takeout and delivery for those who want to bring their barbecue home. It is an easygoing neighborhood choice for lunch or an early dinner.",Smoked char siu pork; brisket noodle soup; cold eggplant salad; cucumber salad; house sodas; two-level loft-style dining room; takeout and delivery,"Tue-Sun 11:30am-3pm, 4pm-8:30pm; closed Mon (per aggregator listing)","Sourcing is thin: details come mainly from aggregator listings (Wheree) and delivery platforms. No official website, owner name or press coverage found. One aggregator (goto-where) calls it 'Chinese and Indian BBQ', which conflicts with the other sources and was not used. 'Owner-run' comes from the input spreadsheet only.",https://www.yelp.com/biz/kaokao-grill-berkeley | https://kaokao-grill.wheree.com/ | https://kaokao-grill.wheree.com/menu | https://www.grubhub.com/restaurant/kaokao-grill-2993-college-ave-berkeley/4541224 | https://order.online/en-CA/store/kaokao-berkeley-24067900 | https://www.instagram.com/kaokaoberkeley/?hl=en
Kiraku,"2566 B Telegraph Ave, Berkeley, CA 94704",(510) 848-2758,https://kirakuberkeley.com/,Japanese izakaya,Telegraph Avenue / South Berkeley,"Kiraku, whose name means ""to relax,"" has brought the spirit of a Japanese izakaya to Telegraph Avenue since 2011. Chef Daiki Saito, who trained in French cooking in Japan before working in Bay Area sushi and yakitori kitchens, runs it with his wife, Sanae. Evenings begin with a warm towel and move through small plates and grilled skewers meant for sharing over drinks. Saito is a certified sake sommelier, and the list of sake and shochu runs deep, with a bottle-keep program for regulars and Asahi draft poured Japanese-style. Many of the stoneware dishes are made by the chef himself.",Izakaya small plates; yakitori-style skewers; extensive sake and shochu list; bottle-keep program; Asahi draft poured Japanese-style; chef-made stoneware; dinner only; takeout via Toast,Tue-Thu 5:30pm-10pm; Fri-Sat 5:30pm-11pm,"Official website title is 'Kiraku Berkeley'. Reservations through Yelp. The website does not list Sun/Mon hours, so the restaurant appears to be closed those days.",https://kirakuberkeley.com/ | https://kirakuberkeley.com/about/ | https://www.tablehopper.com/regular/kiraku/ | https://umamimart.com/blogs/main/umami-mart-local-picks-kiraku | https://www.telegraphberkeley.org/telegraph_business/kiraku/
Korean Superette,"1539 Solano Ave, Berkeley, CA 94707",(510) 529-4009,https://korean-superette.com/,Korean (market and casual restaurant),Solano Avenue (Berkeley/Albany border),"Korean Superette on Solano Avenue is part neighborhood market, part casual Korean eatery. It opened in 2022 in the longtime home of the restaurant Rivoli. Shelves and deli cases around the dining room hold house-made banchan, kimchi (including vegan versions), noodles and pantry staples for cooking Korean food at home. From the kitchen come comforting plates such as rice bowls with soup, tteokbokki and rotating specials like gochujang-braised pork ribs. Guests can eat inside or on the outdoor seating, or pick up ready-made meals to go. The shop also offers catering, private event space and a meal subscription.",House-made banchan and kimchi (vegan options); rice bowls with soup; tteokbokki; rotating specials; Korean pantry goods and ready-to-eat meals; indoor and outdoor seating; catering and Bapsang Club meal subscription,Sun-Thu 11am-9pm; Fri-Sat 11am-10pm,"The spreadsheet says Albany, but the business, Yelp and ordering sites all list the address as Berkeley (Solano Ave, 94707). Owner names not found. Phone taken from the input and not independently confirmed. Opening date inferred from Hungry Onion posts (open by late April 2022).",https://korean-superette.com/ | https://whatnow.com/san-francisco/retail/a-korean-superette-is-headed-for-berkeleys-busy-solano-avenue/ | https://www.hungryonion.org/t/korean-superette-berkeley-solano-ave/28819 | https://www.yelp.com/biz/korean-superette-berkeley | https://koreansuperette.menu11.com/berkeley/order
La Marcha Tapas Bar,"2026 San Pablo Ave, Berkeley, CA 94702",(510) 288-9997,https://www.lamarchaberkeley.com/,Spanish tapas and paella,West Berkeley,"La Marcha Tapas Bar brings a lively Spanish spirit to San Pablo Avenue. Owner Sergio Emilio Monleón learned the rules of Valencian paella from his Spanish grandmother, and the pans that come out of the kitchen show it: classic paella mixta with prawns, chicken and chorizo, and the all-pork ""tres cerditos."" A long list of tapas fills out the table, from sizzling head-on garlic shrimp to salt cod croquetas with romesco and tortilla española. The MICHELIN Guide recommends it. There is an L-shaped bar with weekday happy hour, weekend brunch and late nights on Fridays and Saturdays, and groups are welcome.",Paella mixta; 'tres cerditos' pork paella; garlic shrimp; salt cod croquetas with romesco; tortilla española; weekday happy hour; weekend brunch; late-night Fri-Sat; MICHELIN Guide recommended,Lunch Mon-Fri 11am-3pm; brunch Sat-Sun 10am-3pm; dinner daily 4pm-10pm; happy hour Mon-Fri 4pm-6pm; late night Fri-Sat 10pm-12am,"The MICHELIN page shows daytime-only hours, which conflicts with the restaurant's own site; hours here are from lamarchaberkeley.com. SF Chronicle gives 2015 as the founding year. Monleón also runs ghost-kitchen spinoffs (La Marcha Express, Croqueta Burger), which are not part of this listing.",https://www.lamarchaberkeley.com/menu/ | https://guide.michelin.com/us/en/california/berkeley/restaurant/la-marcha | https://www.sfchronicle.com/food/article/Berkeley-tapas-hit-La-Marcha-opens-three-new-16317050.php | https://www.sfchronicle.com/restaurants/diningout/article/La-Marcha-in-Berkeley-Paella-perfected-6793075.php | https://www.opentable.com/la-marcha
La Note Restaurant Provençal,"2377 Shattuck Ave, Berkeley, CA 94704",(510) 843-1525,https://www.lanoterestaurant.com/,French (Provençal) breakfast and brunch,Downtown Berkeley,"La Note has been serving Provençal-style breakfast and lunch on Shattuck Avenue since 1997, and it has become one of Downtown Berkeley's best-loved morning spots. The kitchen is known for its pancakes, especially lemon gingerbread and oatmeal-raspberry, as well as pain perdu and omelets like the Côte Ouest filled with ratatouille. The dining room has the relaxed charm of a country bistro, and a quiet courtyard patio out back is a favorite on sunny days. Weekend lines are common, and the restaurant takes reservations through its website.",Lemon gingerbread pancakes; oatmeal-raspberry and crème fraîche pancakes; pain perdu; Côte Ouest omelet with ratatouille; back courtyard patio; breakfast and brunch only,Mon-Fri 8am-2pm; Sat-Sun 8am-3pm,"The restaurant's website lists ZIP 94707, but 2377 Shattuck Ave (Downtown) is in 94704, as other listings show; 94704 used here. Owner name not confirmed.",https://www.lanoterestaurant.com/ | https://www.tripadvisor.com/Restaurant_Review-g32066-d371518-Reviews-La_Note-Berkeley_California.html | https://www.opentable.com/r/la-note-restaurant-provencal | https://www.visitberkeley.com/directory/la-note-restaurant/
Lao Garden Restaurant & Bar,"2514 San Pablo Ave, Berkeley, CA 94702",(510) 705-1958,https://www.laogarden.net/,Laotian (with Thai favorites),West Berkeley,"Lao Garden is chef Kanlaya Palivan's showcase for Laotian cooking on San Pablo Avenue. She briefly ran Rose Garden Uptown in Oakland while waiting on Berkeley permits, then opened here in January 2025. The menu leans into Lao classics such as nam khao (crispy rice salad wrapped in lettuce), laab gai, funky green papaya salad and kua mee Lao, alongside familiar noodles like drunken noodles. The room is bright and cheerful, with orange chairs, colorful lanterns and a wall of flowers and butterflies. There is a bar, and the restaurant serves both lunch and dinner.",Nam khao crispy rice salad; laab gai; thum lao lao green papaya salad; kua mee Lao; drunken noodles; colorful lantern-lit dining room; full bar; lunch and dinner,"Mon-Sat 11am-3pm, 5pm-9pm; Sun 12pm-3pm, 5pm-9pm (as of April 2025)",Opened January 2025 in the former Paisan space. Facebook page name is 'Lao Garden Restaurant & Bar'. Hours come from East Bay Express (April 2025) and may have changed.,https://eastbayexpress.com/lao-garden-blooms-in-berkeley/ | https://www.laogarden.net/ | https://www.facebook.com/p/Lao-Garden-Restaurant-Bar-61579188752035/ | https://www.yelp.com/biz/lao-garden-berkeley-3 | https://www.doordash.com/en/store/lao-garden-berkeley-32664445/
Larb Thai Food & Tapas,"10166 San Pablo Ave, El Cerrito, CA 94530",(510) 524-8988,https://www.larbthaitapas.com/,Thai (Isaan specialties),El Cerrito (San Pablo Ave corridor),"Larb Thai Food & Tapas takes its name from larb, the zesty minced-meat salad of northeastern Thailand's Isaan region, and that dish anchors the menu here. This small, unpretentious restaurant in a San Pablo Avenue strip mall in El Cerrito has a warm, family-run feel. Beyond larb made with meat or prawns, regulars order the crispy rice ball salad, pork hock, khao soi and well-made noodle staples like drunken noodles and pad see ew. Spice levels run from mild to true Thai heat, and the kitchen will work around dietary needs. It serves lunch and dinner for dine-in and takeout.",Larb (meat or prawn); crispy rice ball salad; pork hock; khao soi; drunken noodles; pad Thai; adjustable spice levels; lunch and dinner,"Lunch 11:30am-2:10pm, dinner 5pm-8:10pm (per DoorDash); closed Tuesdays (per Tripadvisor)","Official website could not be fetched (rate limited). Reviews name the owners as 'Ann & Paul'; not independently confirmed, so omitted from the description. Hours vary slightly between sources.",https://www.larbthaitapas.com/ | https://www.doordash.com/store/larb-thai-food-&-tapas-el-cerrito-36761851/ | https://www.tripadvisor.com/Restaurant_Review-g32333-d11881662-Reviews-Larb_Thai_Food_Tapas-El_Cerrito_California.html | https://www.yelp.com/biz/larb-thai-food-and-tapas-el-cerrito
Li's Knife Cut Noodle,"2126 Center St, Berkeley, CA 94704",(510) 570-2901,https://www.lisnoodle.com/,Chinese hand-cut noodles,Downtown Berkeley,"Li's Knife Cut Noodle is a family-run noodle house that opened on Center Street in December 2025, following its first location in San Mateo. Owner Jian Han's parents spent more than two decades making noodles in China, and their method drives the menu: dough is shaved by hand straight into boiling water, giving wide, tender, chewy strands. Bowls come in a range of homestyle preparations, with dumplings on the side, and the house offers free noodle refills for anyone still hungry. The Downtown Berkeley dining room is roomier than the original, with more than 20 tables.","Hand-shaved knife-cut noodles; dumplings; free unlimited noodle refills; homestyle Chinese cooking; family-run; dine-in, takeout and delivery",,"Opened December 8, 2025 (Daily Californian). Chinese name 李面请大碗刀削面. The brand website focuses on the San Mateo location. Phone taken from the input and not independently confirmed. Hours not verified.",https://www.dailycal.org/news/city/local-businesses/li-s-knife-cut-noodle-opens-berkeley-location-with-free-unlimited-noodle-refills/article_62bf10d7-717a-4b3e-b36d-b18fde5c9e23.html | https://www.lisnoodle.com/ | https://www.instagram.com/lisnoodle/ | https://www.yelp.com/biz/li-s-knife-cut-noodle-berkeley-2 | https://www.doordash.com/store/lis-knife-cut-noodle-berkeley-38914466/
Lulu's Little Kitchen,"1106 Solano Ave, Albany, CA 94706",(510) 529-1441,https://luluslittlekitchen.co/,"Palestinian / Middle Eastern (Cal-Palestinian), halal fast-casual","Solano Avenue, Albany","Lulu's Little Kitchen is chef Mona Leena's casual, counter-service take on the California-meets-Palestinian cooking she first served at her full-service restaurant Lulu. In early 2026 Leena reworked the Solano Avenue space into a more affordable, everyday format built around halal rice bowls, roti wraps, salads, sides and coffee, with fillings such as braised lamb, chicken kebab and falafel alongside hummus and toum fries. The bright, sunny room suits a relaxed lunch or an early dinner, and takeout is available. On weekends, brunch brings back some of Lulu's best-loved dishes, including knafeh pancakes, baklava French toast and shukaquiles.","Braised lamb bowl; falafel and labneh bowls; roti wraps; toum fries; weekend knafeh pancakes, baklava French toast and shukaquiles",Wed-Sun 11:30am-7:30pm; closed Mon-Tue (brunch items Sat-Sun),"Formerly the full-service restaurant 'Lulu' (earlier on Camelia St in Berkeley, then 1106 Solano). Full service ended Jan 31, 2026 and the space reopened as counter-service Lulu's Little Kitchen (reopening was delayed past the planned Feb 14 date by construction). The address is in Albany, not Berkeley.",https://luluslittlekitchen.co/ | https://www.berkeley-eats.com/lulu-on-solano-reformatting-lulus-little-kitchen-to-open/ | https://www.theinfatuation.com/san-francisco/reviews/lulus-little-kitchen | https://eastbayexpress.com/lulu-thrives-on-solano/
Mercado 925,"925 University Ave, Berkeley, CA 94710",(510) 647-9462,https://www.mercado925.com/,Modern Mexican; mezcal and tequila bar,West Berkeley (University Avenue),"Mercado 925 is a colorful Mexican restaurant and bar on University Avenue in West Berkeley, opened in 2023 by restaurateur Juan Romo, who is also behind Casa Latina and La Mission. The kitchen puts an inventive spin on regional dishes such as mole poblano tacos, enmoladas de Puebla, chiles rellenos, Baja fish tacos and Sonora-style ceviche. The bar is known for its deep list of mezcal and tequila. In 2025 the restaurant added m925, an annex with high ceilings, rattan furniture, a semi-private mezzanine and a bottle shop. There is also an upstairs terrace. Mexican brunch and weekday happy hour make it an easy fit for dates, families and small celebrations.",Mole poblano tacos; enmoladas de Puebla; chiles rellenos; ceviche de Sonora; Baja fish tacos; mezcal and tequila list; m925 annex and bottle shop; upstairs terrace; brunch and happy hour,"Per OpenTable: Sun-Mon, Tue, Thu 11am-9pm; Fri-Sat 11am-10pm (Wednesday not listed; verify)","The official website could not be fetched (rate-limited), so its hours and menu were not checked directly. The m925 market annex soft-opened in June 2025. No chef was named in any source found.",https://www.mercado925.com/ | https://www.opentable.com/r/mercado-925-berkeley | https://www.berkeley-eats.com/m925-market/ | https://www.doordash.com/store/mercado-925-berkeley-25094514/
Mezzo,"2442 Telegraph Ave, Berkeley, CA 94704",(510) 705-1089,https://www.mezzo-berkeley.com/,"Sandwiches, salads and soups; cafe","Telegraph Avenue / Southside, near UC Berkeley","Mezzo carries on the legacy of Cafe Intermezzo, a Telegraph Avenue favorite that opened in 1983 and was lost to a fire in 2011. The cafe reopened as Mezzo in 2017, keeping the original recipes while pairing a modern look with vintage pieces saved from the old cafe. It is best known for very large salads, including the popular Chef Salad with house poppyseed dressing, as well as made-to-order sandwiches on house-made honey wheat bread and daily soups. Breakfast is served in the morning. A ramp connects Mezzo to Raleigh's Pub next door, so guests can have their sandwich with a local craft beer.",Chef Salad with poppyseed dressing; house-made honey wheat bread; made-to-order sandwiches; soups; breakfast; connected to Raleigh's Pub,Daily 8am-9pm (closes 6:30pm Tuesdays); breakfast 8-11am,"Named Best Sandwiches in Berkeley in The Daily Californian's Best of Berkeley 2020, according to Mezzo's own website. Online ordering runs through a joint Toast page with Raleigh's Pub.",https://www.mezzo-berkeley.com/ | https://order.toasttab.com/online/mezzo | https://www.yelp.com/biz/mezzo-berkeley-2
Mount Everest Restaurant,"2598 Telegraph Ave, Berkeley, CA 94704",(510) 843-3951,https://mteverestberkeley.com/,Nepali and Indian (Himalayan),"Telegraph Avenue / Southside, near UC Berkeley","Mount Everest Restaurant is a family-run Nepali and Indian restaurant on upper Telegraph Avenue, a few blocks south of the UC Berkeley campus. It opened in 2010 and is now run by the second generation of the family. It has become a regular stop for students and neighbors looking for Himalayan comfort food made with traditional recipes and fresh ingredients. The menu covers both Nepali and North Indian dishes, including steamed momo dumplings, samosas, chaat, biryani, dishes from the tandoor and a wide range of curries. The dining room is relaxed and welcoming, and the restaurant also offers takeout.",Momos; samosas and chaat; tandoori dishes; biryani; Nepali and Indian curries,Per Visit Berkeley: Mon-Tue and Thu-Sun 11am-9:15pm; closed Wednesday,"Two websites exist: mteverestberkeley.com, which Visit Berkeley links to, and mounteverestrestaurantca.com. The 2010 founding year and second-generation ownership come from the restaurant's own story page.",https://mteverestberkeley.com/story | https://www.visitberkeley.com/directory/mount-everest-restaurant/ | https://www.telegraphberkeley.org/telegraph_business/mount-everest-restaurant/ | https://www.yelp.com/biz/mount-everest-berkeley
Noodle Dynasty,"2426 Telegraph Ave, Berkeley, CA 94704",(510) 644-9292,https://noodledynasty.club/,"Chinese (Northern-style noodle soups, hand-pulled noodles)","Telegraph Avenue / Southside, near UC Berkeley","Noodle Dynasty is a small, busy Chinese noodle shop on Telegraph Avenue near the UC Berkeley campus. It specializes in hand-pulled noodles served in rich, slow-cooked broths. The house special beef rib noodle soup, made with a bone-in rib, is the dish most people come for. Lamb shank noodles, spicy pickled cabbage with fish, and stir-fried dishes round out the menu. Guests order on tablets, the open kitchen works quickly, and the compact dining room is usually full and noisy. At peak times a line often forms down the sidewalk, drawing students and East Bay noodle fans alike.",House special beef rib noodle soup; lamb shank noodles; pickled cabbage and fish; hand-pulled noodles; tablet ordering; open kitchen,Tue-Sun 12-4pm and 5-8pm (per restaurant site); closed Monday,"No owner names or opening date were found. The restaurant's website says it has been covered by Berkeleyside, the SF Chronicle and The Oaklandside, but those articles were not checked directly.",https://noodledynasty.club/ | https://www.dailycal.org/lifestyle/local_guides/noodle-wars-berkeley-s-place-as-the-noodle-capital-battleground/article_1fcb89b6-f850-4715-adbe-98317cc6e5cb.html | https://www.yelp.com/biz/noodle-dynasty-berkeley
O2 Eatery,"1746 Solano Ave, Berkeley, CA 94707",(510) 918-1676,https://o2eatery.com/,"American breakfast, brunch and lunch","Solano Avenue, North Berkeley (Thousand Oaks)","O2 Eatery is a bright breakfast and brunch spot on Solano Avenue. It opened in August 2024 in the former Delirama deli space, run by the previous owners of Sumo Sushi on San Pablo Avenue. The dated deli was fully remodeled into a calm, green-toned dining room with a closed kitchen. The menu centers on eggs, with omelets, scrambles, benedicts and breakfast sandwiches on brioche, along with a goddess breakfast bowl and croffles. A popular side is crispy potatoes finished with chimichurri. It serves breakfast and lunch only, making it a good choice for a weekend brunch or a relaxed weekday meal.",Omelets and scrambles; eggs benedict; brioche breakfast sandwiches; goddess breakfast bowl; croffles; crispy chimichurri potatoes,Daily 8am-3pm (per East Bay Express at opening; verify),"The website's page titles say 'Albany' in some places, but the address is Berkeley 94707 on Solano Ave. The phone number comes from the input list and was not independently confirmed. The source spelled the item 'crofles'; the standard spelling is croffles.",https://eastbayexpress.com/o2-eatery-opens-on-solano-avenue/ | https://o2eatery.com/ | https://www.yelp.com/biz/o2-eatery-berkeley | https://order.spoton.com/so-o2-eatery-19949/berkeley-ca/667da20801ebb2ec859403e1
Peace Natural Vegan Food,"1593 Solano Ave, Berkeley, CA 94707",(510) 984-0738,,"Vegan, organic; Tibetan-influenced set meals","Solano Avenue, North Berkeley","Peace Natural Vegan Food is a small plant-based restaurant on Solano Avenue run by chef-owners Palden and Gyatso. It serves wholesome, organic vegan meals from a menu that changes every day with the season. Instead of a long à la carte list, diners choose a set plate. The Modest and Generous meals include soup, grains, legumes, greens, mixed vegetables and salad, while the Trio pairs soup with three dishes of the day. Momos and fresh rolls are available as starters, and the house-made desserts contain no refined sugar. Teas, kombucha, and organic vegan beer and wine complete the menu.","Daily-changing set meals (Modest, Generous, Trio); vegan momos; fresh rolls; sugar-free house-made desserts; organic vegan beer and wine; kombucha",Daily 11am-2:30pm and 4:30-8pm (per Tripadvisor listing; verify),"No official website was confirmed; Tripadvisor shows a website link but the URL could not be seen. Owner names (Palden and Gyatso) come only from the Tripadvisor listing. DoorDash lists the cuisine as Tibetan-American, and the description leaves that label out because it could not be confirmed elsewhere. The 'prix-fixe' concept in the input corresponds to the set-meal format.",https://www.tripadvisor.com/Restaurant_Review-g32066-d28464071-Reviews-Peace_Natural_Vegan_Food-Berkeley_California.html | https://www.doordash.com/store/peace-natural-vegan-food-berkeley-31420965/ | https://www.happycow.net/reviews/peace-natural-vegan-food-berkeley-422977 | https://www.yelp.com/biz/peace-natural-vegan-food-berkeley-2
Phosho Dough (Phởsho Dough),"1235 San Pablo Ave, Berkeley, CA 94706",(510) 705-1263,https://phoshodough.square.site/,"Vietnamese (pho, banh mi, vermicelli)",West Berkeley (San Pablo Avenue),"Phosho Dough is a Vietnamese restaurant on San Pablo Avenue in West Berkeley. It is the second location of an Oakland eatery that started on Telegraph Avenue, and it is owned by Richard Kha. The menu is built on comforting noodle soups, including lemongrass beef pho and hu tieu ga, a shredded-chicken noodle soup. Grilled pork and shrimp vermicelli bowls, crispy cha gio egg rolls and banh mi sandwiches round it out. Portions are generous and the setting is casual, so it works well for a quick lunch or an early dinner, whether eating in or taking out.",Lemongrass beef pho (pho bo nuong); hu tieu ga chicken noodle soup; bun tom thit nuong vermicelli; banh mi thit; cha gio egg rolls,About 11am-6:40pm per DoorDash (verify),"The input calls it 'family-run', but no source confirmed that, so the description does not say it. Owner Richard Kha is named by What Now SF. The original location is at 6601 Telegraph Ave, Oakland. The Berkeley location announced its expansion in 2024 (Berkeleyside, May 2024; article not fetchable). The ZIP code (94706) was not confirmed by a source; verify it. The phone number was not independently confirmed.",https://whatnow.com/san-francisco/restaurants/oakland-based-eatery-phosho-dough-is-coming-to-berkeley/ | https://www.berkeleyside.org/2024/05/07/match-point-phosho-signal-souley-east-bay-restaurant-openings | https://www.doordash.com/store/phosho-dough-berkeley-28376591/ | https://www.yelp.com/biz/phosho-dough-berkeley
Picnic (Picnic Rotisserie),"862 San Pablo Ave, Albany, CA 94706",(510) 570-2974,https://www.picnicrotisserie.com/,"Rotisserie chicken, house-made charcuterie and sausages; takeout deli","San Pablo Ave at Solano Ave, Albany","Picnic is a neighborhood rotisserie and charcuterie shop at San Pablo and Solano avenues in Albany. It was founded by two neighbors, butcher-chef Susannah Schnick and chef and business lead Leslie Nishiyama. Schnick learned charcuterie at Fatted Calf and whole-animal butchery at Cafe Rouge and Clove & Hoof. The pair began by selling at local farmers markets before opening their storefront. Picnic is built around takeout, with golden rotisserie chickens, sausages, salami, pâté, porchetta and chicken liver mousse, plus salads, sides, pickles, sandwiches and a weekly-changing menu. Much of the food is made in-house from locally sourced meat.","Rotisserie chicken; house-made sausages and salami; chicken liver mousse; porchetta; country pâté; salads, sides and sandwiches; weekly menu",,"The phone number conflicts: the input lists 510-570-2974, while the Solano Avenue Association lists 510-527-5358; verify. The chicken liver mousse is described as a 2019 Good Food Award 'finalist' by Berkeleyside but as a 'winner' by the Solano Avenue Association, so the description leaves this out. Berkeleyside (Nov 2018) projected a spring 2019 opening, but its Dec 2020 headline says Picnic 'brings rotisserie and charcuterie to Albany', so the actual opening may have been later. The official site could not be fetched (robots/rate-limited), and hours were not confirmed.",https://www.berkeleyside.org/2018/11/26/picnic-rotisserie-charcuterie-albany | https://www.berkeleyside.org/2020/12/01/picnic-brings-rotisserie-and-charcuterie-to-albany-smokehouse-reopened-but-is-now-closed-til-dec-7 | https://www.solanoavenueassn.org/picnic-rotisserie/ | https://www.picnicrotisserie.com/weeklymenu | https://www.instagram.com/picnicrotisserie/ | https://www.yelp.com/biz/picnic-albany
Roses on Adeline Bar & Kitchen,"3218 Adeline St, Berkeley, CA 94703",(510) 903-6733,https://www.rosesonadeline.com/,Seasonal Californian bar food; wine and cocktail bar,South Berkeley (Adeline Corridor),"Roses on Adeline is a neighborhood bar and kitchen on South Berkeley's Adeline Corridor, built around the idea of food as a way to connect people. The evening-only menu leans seasonal and Californian, with bar favorites like a smashburger next to lighter plates such as crudo, tuna tartare, ceviche, tostadas and pasta. Drinks cover wine, beer and cocktails, and the wine list has a soft spot for chilled reds and skin-contact bottles. Guests can sit at the bar or in banquettes, and the dining room opens onto an attached garden that brings in daylight and fresh air. Walk-ins are welcome, reservations are available, and happy hour runs daily.",Smashburger; crudo and tuna tartare; ceviche and tostadas; natural and skin-contact wines; daily happy hour; garden-side dining room; private events and buyouts,Mon-Wed 4pm-10pm; Thu 4pm-11pm; Fri-Sat 4pm-midnight; Sun 4pm-10pm (happy hour daily 4-6pm),"Owner/chef names not found in accessible sources (Berkeleyside June 2025 profile could not be fetched). Website notes an East Bay Express 'Best of the East Bay 2025' recognition; Infatuation reviewed it June 2025. No outdoor patio per website, but attached garden.",https://www.rosesonadeline.com/ | https://www.theinfatuation.com/san-francisco/reviews/roses-on-adeline | https://www.berkeleyside.org/2025/06/11/roses-on-adeline-berkeley-restaurant-bar | https://www.opentable.com/r/roses-on-adeline-berkeley | https://www.yelp.com/biz/roses-on-adeline-berkeley
Sakana Sushi & Roll,"303 Arlington Ave #1, Kensington, CA 94708",(510) 524-7096,https://www.ordersakana.com/,Japanese sushi,"Kensington (Arlington Avenue, bordering North Berkeley)","Sakana Sushi & Roll is a small neighborhood sushi spot on Arlington Avenue in Kensington, just over the hill from North Berkeley. The menu covers the classics, including nigiri, sashimi, chirashi and assorted moriawase platters, alongside donburi and poke bowls. Its playful side shows in the long list of special and baked rolls, such as the Lion King, which is crab and avocado under baked salmon, and a rice-free house special wrapped in pickled radish around salmon, tuna, unagi, mango and avocado. Vegetarian rolls round out the options. Guests can eat in the cozy dining room or order takeout, including party platters for sharing.","Lion King baked roll; rice-free Sakana Special Roll wrapped in pickled radish; nigiri, sashimi and chirashi moriawase; poke and donburi bowls; vegetarian rolls; party platters for takeout",Mon-Sat 11:45am-2:15pm and 4:30pm-8:15pm; Sun 3:30pm-8:15pm (per online ordering site),"Full name is 'Sakana Sushi & Roll' (Yelp: 'Sakana Sushi and Roll'); some listings (DoorDash, Tripadvisor) shorten it to 'Sakana Sushi'. Official site is an online-ordering site; no owner/chef or backstory found. Do not confuse with Sakana Sushi in Reno, NV.",https://www.ordersakana.com/kensington/order | https://www.ordersakana.com/ | https://www.yelp.com/biz/sakana-sushi-and-roll-kensington | https://www.ubereats.com/store/sakana-sushi-and-roll-303-arlington-ave/yGcbAdZnS7-280-B9qTWsA | https://www.tripadvisor.com/Restaurant_Review-g32552-d25499712-Reviews-Sakana_Sushi-Kensington_California.html
Sam's Log Cabin,"945 San Pablo Ave, Albany, CA 94706",(510) 558-0502,https://www.samslogcabin.net/,American breakfast and brunch,"Albany (San Pablo Avenue, on the Berkeley border)","Sam's Log Cabin is a longtime breakfast and brunch destination housed in a genuine log cabin on San Pablo Avenue in Albany. The building dates to 1930, when it was ordered as a kit from a Sears catalog, and it has reportedly served as a speakeasy and a bookies' hangout along the way. Today the kitchen, run by co-owner and chef Rhasaan Fernandez with partner Mike Daillak, turns out hearty morning plates with Southern and Californian touches: chilaquiles with house-made chips, braised collard greens with poached eggs and cornbread, seasonal pancake specials and a fried chicken sandwich. Seating is outdoors on the patio, and the vibe is relaxed, homey and dog-friendly.",Chilaquiles with house-made tortilla chips; pork-braised collard greens with poached eggs and cornbread; daily seasonal pancakes; fried chicken sandwich; 1930 Sears-kit log cabin; outdoor patio; dog-friendly,,"Owner and dish details come from a 2018 Berkeleyside profile; menu items may have changed since. Outdoor-only patio seating per the input brief (not independently verified); DogTrekker lists it as dog-friendly. 2018 hours were Tue-Fri 7am-2pm, Sat-Sun 8am-2pm, but current hours unverified so left blank. Walk-in only (no reservations) as of 2018. Address is Albany, not Berkeley.",https://www.samslogcabin.net/ | https://www.berkeleyside.org/2018/08/17/sams-log-cabin-in-albany | https://dogtrekker.com/directories/sams-log-cabin/ | https://www.yelp.com/biz/sams-log-cabin-albany
Tanzie's,"1453 Dwight Way, Berkeley, CA 94702",(510) 326-4199,https://www.tanziescafe.com/,Thai (Chiang Mai-inspired) breakfast and brunch,Southwest Berkeley (Dwight Way near San Pablo Ave),"Tanzie's is a chef-owned Berkeley cafe that gives brunch a Northern Thai accent. Chef Krissana ""Tanz"" Tussanaprasit, a Kin Khao alum who also ran a restaurant in Chiang Mai, opened it in early 2024 with partner Jezreel ""Jae"" Rojas, a veteran of Kin Khao and La Cocina. Many recipes come from Tanz's family. Standouts include pa tong go, Thai-style beignets with sweetened condensed milk; ""lava eggs,"" soft scrambled eggs over rice with savory toppings such as nam prik ong; Thai spiced sausage; and a jasmine Thai tea chia bowl, plus matcha drinks. The small, cottage-like space has cozy nooks, plenty of plants and a fireplace. Reservations are taken through Tock.",Pa tong go (Thai beignets); lava eggs with nam prik ong; Thai spiced sausage; jasmine Thai tea chia bowl; matcha drinks; cottage-like room with fireplace,Mon and Thu 10am-2pm; Fri-Sun 8:30am-2pm; closed Tue-Wed (per website),"CUISINE DISCREPANCY: the brief says 'Filipino-inspired', but every source (website, SF Chronicle, Berkeleyside, Broke-Ass Stuart) describes Tanzie's as Thai, specifically Chiang Mai/Northern Thai; description written as Thai. Named to SF Chronicle's Top 25 new Bay Area restaurants list (Oct 2024). Dinner service was added Dec 2024, but the current website lists only daytime hours, so dinner may have ended. Owners have since opened a second concept, Nudi Blue (SF Chronicle).",https://www.tanziescafe.com/ | https://brokeassstuart.com/p/the-coziest-new-thai-breakfast-spot-in-berkeley-tanzies | https://brokeassstuart.com/p/a-delicious-new-chapter-for-berkeleys-favorite-thai-spot-tanzies | https://www.sfchronicle.com/food/restaurants/article/tanzies-berkeley-thai-brunch-19400224.php | https://www.berkeleyside.org/2024/05/08/tanzies-thai-breakfast-restaurant-berkeley | https://www.sfchronicle.com/food/restaurants/article/nudi-blue-tanzies-berkeley-expansion-21941319.php | https://www.exploretock.com/tanzies-cafe-berkeley
TAROCCO,"2570 Ninth St, Berkeley, CA 94710",(510) 898-1312,https://mytarocco.com/,Californian / Mediterranean (Barcelona-inspired) salads and lunch,West Berkeley (Ninth Street),"Tarocco is a sunny weekday lunch cafe on Ninth Street in West Berkeley, modeled on the relaxed counter bars of Barcelona. It began in 2020 as a pandemic meal-delivery service and opened a physical location in 2022. Owner Sequoia Del Hoyo, co-founder of Sequoia Diner, runs it with chef Jason Botterill, who previously cooked at Chez Panisse and London's River Cafe. Guests choose from a counter of composed seasonal salads and ready-made Mediterranean dishes built on produce from local farms, then eat in the bright, rustic dining room or take their food to go. Tarocco also offers catering, weekend private events and Club Tarocco, a weekly meal subscription.",Composed seasonal salads from local farms; Barcelona-style counter service; sunlit rustic dining room; Club Tarocco weekly meal subscription; catering and weekend private events,Mon-Fri 11am-2:30pm; weekends reserved for private events,"Official styling is all caps, 'TAROCCO'. Broke-Ass Stuart (Feb 2024) lists Del Hoyo and Botterill as co-owners; the website calls Del Hoyo owner and Botterill chef. Switched from table service to counter service in Nov 2023. Cuisine is described as Mediterranean/Barcelona-inspired as well as Californian.",https://mytarocco.com/ | https://mytarocco.com/contact | https://brokeassstuart.com/p/a-quick-pivot-saved-this-berkeley-restaurant-now-its-boomin | https://www.yelp.com/biz/tarocco-berkeley-2
The Hidden Café,"1250 Addison St, Suite 111, Berkeley, CA 94702",(415) 855-1029,https://www.thehiddencafe.life/,"Cafe: organic coffee, tea, light fare and weekend brunch",West Berkeley (Addison St at Strawberry Creek Park),"The Hidden Café is a small, bohemian-feeling daytime cafe tucked into a building beside Strawberry Creek Park in West Berkeley, which makes finding it part of the appeal. It is a relaxed place to linger over coffee or tea, with indoor tables and outdoor seating in a leafy, park-like setting. The drinks menu goes beyond espresso to include turmeric lattes, chai and matcha, while the kitchen offers pastries and treats such as a sweet potato brownie, along with a rotating weekend brunch. The cafe also has ties to local artists and musicians, adding a creative, community-minded feel to this neighborhood hideaway.","Organic coffee and oat cappuccinos; turmeric latte, chai and matcha; sweet potato brownie; rotating weekend brunch; indoor and outdoor seating by Strawberry Creek Park; artist and musician features",Tue-Sun 8:30am-5pm; closed Mon (per joe coffee listing),"The official website could not be fetched directly; details come from the joe coffee listing, search-result titles and site page names (e.g. 'The Hidden Kitchen', 'Artists and Musicians'). The 'organic coffee' claim comes from the input brief and was not independently verified. Phone has a 415 area code despite the Berkeley location. Owner names not found (Berkeleyside 2019 profile not fetchable).",https://www.thehiddencafe.life/ | https://joe.coffee/locations/ca/berkeley/the-hidden-cafe-berkeley/ | https://www.berkeleyside.org/2019/09/18/the-hidden-cafe-in-berkeley-at-strawberry-creek-park | https://www.yelp.com/biz/the-hidden-cafe-berkeley | https://www.instagram.com/thehiddencafe/
Tipsy Yeti Restaurant & Bar,"2512 San Pablo Ave, Berkeley, CA 94702",(510) 989-9078,https://tipsyeti.com/,"Nepali and Nepali-American (Himalayan, continental)",West Berkeley (San Pablo Avenue),"Tipsy Yeti Restaurant & Bar brings a lively, modern take on Nepali cooking to San Pablo Avenue. Owners Sujan Shrestha and Rubin Sainju opened it in 2025 in a longtime restaurant space, pairing the flavors of Kathmandu with a Californian, comfort-food streak. Momo lead the menu, filled with paneer, chicken, lamb or bison and also served in jhol broth, alongside choila (spiced duck with beaten rice), goat curry and chili chicken. Crossover dishes like a bison burger, Himalayan pizza and tornado fries fill out the list. A full bar pours signature cocktails, wine and mocktails, and live music on weekends keeps the family-friendly dining room busy.","Momo (paneer, chicken, lamb or bison) and jhol momo; duck choila with beaten rice; goat curry; bison burger; Himalayan pizza; signature cocktails and mocktails; weekend live music",,"Opened 2025 (Berkeleyside Feb 2025 opening roundup; WhatNow reported owners Sujan Shrestha and Rubin Sainju). Same address was previously Longbranch (Saloon) and earlier Sea Salt, per Yelp 'closed' listings. Note the misspelled look-alike domain typsiyeti.com in search results; official site is tipsyeti.com. Hours not listed on website.",https://tipsyeti.com/ | https://whatnow.com/san-francisco/restaurants/tipsy-yeti-restaurant-bar-opening-in-berkeley/ | https://www.berkeleyside.org/2025/02/18/restaurant-opening-hyphy-burger-homemade-tipsy-yeti | https://www.doordash.com/store/tipsy-yeti-restaurant-&-bar-berkeley-33454987/ | https://www.yelp.com/biz/tipsy-yeti-restaurant-and-bar-berkeley | https://www.yelp.com/biz/longbranch-berkeley
Via del Corso,"1788 Shattuck Ave, Berkeley, CA 94709",(510) 704-8004,https://www.viadelcorso.net/,Italian trattoria (central Italian),North Berkeley (Gourmet Ghetto / Shattuck Ave),"Via del Corso is a North Berkeley Italian trattoria on Shattuck Avenue, in the space long home to the beloved Tuscan spot Corso. When Corso closed during the pandemic, Berkeley-born restaurateur Peter Chastain revived it under a new name borrowed from a grand boulevard in Rome. The kitchen draws on central Italy and other regions, and it brought back some of Corso's best-loved dishes, including bistecca alla Fiorentina and pollo al burro, chicken in a rich butter sauce. The team's opening lineup included veterans of Walnut Creek's Prima. It is a relaxed, dinner-only place for wine, pasta and long meals with family and friends, and it takes reservations.",Bistecca alla Fiorentina; pollo al burro (Corso's butter chicken); central Italian pastas; Italian wine; dinner service with reservations,Sun and Tue-Thu 5pm-9pm; Fri-Sat 5pm-10pm; closed Mon (per website),"Successor to Corso (2008-2020, owners Roscoe Skipper and Wendy Brucker). Staff details (chef Massimo Orlando, GM Marco Penitenti, both from Prima) come from the 2021 Berkeleyside reopening article and may be out of date, so they are left out of the description apart from the Prima connection. It has been open since roughly 2021/2022, so 'longtime' in the brief refers mostly to Corso's legacy.",https://www.viadelcorso.net/ | https://www.viadelcorso.net/menu | https://www.berkeleyside.org/2021/03/30/corso-berkeley-to-reopen-as-via-del-corso | https://www.opentable.com/r/via-del-corso-berkeley | https://www.visitberkeley.com/directory/via-del-corso/
